Abnormal,Image
true,abnormal/343.jpg
true,abnormal/159.jpg
true,abnormal/56.jpg
true,abnormal/142.jpg
true,abnormal/15.jpg
true,abnormal/175.jpg
true,abnormal/42.jpg
true,abnormal/185.jpg
true,abnormal/377.jpg
true,abnormal/131.jpg
true,abnormal/206.jpg
true,abnormal/412.jpg
true,abnormal/321.jpg
true,abnormal/54.jpg
true,abnormal/9.jpg
true,abnormal/424.jpg
true,abnormal/366.jpg
true,abnormal/423.jpg
true,abnormal/398.jpg
true,abnormal/166.jpg
true,abnormal/350.jpg
true,abnormal/136.jpg
true,abnormal/71.jpg
true,abnormal/359.jpg
true,abnormal/246.jpg
true,abnormal/244.jpg
true,abnormal/292.jpg
true,abnormal/334.jpg
true,abnormal/203.jpg
true,abnormal/280.jpg
true,abnormal/125.jpg
true,abnormal/346.jpg
true,abnormal/389.jpg
true,abnormal/397.jpg
true,abnormal/227.jpg
true,abnormal/130.jpg
true,abnormal/360.jpg
true,abnormal/39.jpg
true,abnormal/420.jpg
true,abnormal/414.jpg
true,abnormal/279.jpg
true,abnormal/268.jpg
true,abnormal/235.jpg
true,abnormal/64.jpg
true,abnormal/435.jpg
true,abnormal/188.jpg
true,abnormal/32.jpg
true,abnormal/430.jpg
true,abnormal/14.jpg
true,abnormal/155.jpg
true,abnormal/149.jpg
true,abnormal/127.jpg
true,abnormal/17.jpg
true,abnormal/109.jpg
true,abnormal/322.jpg
true,abnormal/150.jpg
true,abnormal/100.jpg
true,abnormal/65.jpg
true,abnormal/28.jpg
true,abnormal/307.jpg
true,abnormal/168.jpg
true,abnormal/391.jpg
true,abnormal/21.jpg
true,abnormal/284.jpg
true,abnormal/416.jpg
true,abnormal/80.jpg
true,abnormal/156.jpg
true,abnormal/29.jpg
true,abnormal/228.jpg
true,abnormal/146.jpg
true,abnormal/434.jpg
true,abnormal/219.jpg
true,abnormal/318.jpg
true,abnormal/396.jpg
true,abnormal/291.jpg
true,abnormal/237.jpg
true,abnormal/7.jpg
true,abnormal/50.jpg
true,abnormal/252.jpg
true,abnormal/272.jpg
true,abnormal/256.jpg
true,abnormal/114.jpg
true,abnormal/161.jpg
true,abnormal/417.jpg
true,abnormal/186.jpg
true,abnormal/139.jpg
true,abnormal/196.jpg
true,abnormal/108.jpg
true,abnormal/270.jpg
true,abnormal/82.jpg
true,abnormal/33.jpg
true,abnormal/339.jpg
true,abnormal/95.jpg
true,abnormal/60.jpg
true,abnormal/12.jpg
true,abnormal/46.jpg
true,abnormal/401.jpg
true,abnormal/19.jpg
true,abnormal/393.jpg
true,abnormal/37.jpg
true,abnormal/153.jpg
true,abnormal/76.jpg
true,abnormal/454.jpg
true,abnormal/81.jpg
true,abnormal/216.jpg
true,abnormal/20.jpg
true,abnormal/403.jpg
true,abnormal/441.jpg
true,abnormal/332.jpg
true,abnormal/440.jpg
true,abnormal/345.jpg
true,abnormal/356.jpg
true,abnormal/354.jpg
true,abnormal/215.jpg
true,abnormal/290.jpg
true,abnormal/263.jpg
true,abnormal/223.jpg
true,abnormal/170.jpg
true,abnormal/202.jpg
true,abnormal/172.jpg
true,abnormal/269.jpg
true,abnormal/315.jpg
true,abnormal/16.jpg
true,abnormal/251.jpg
true,abnormal/431.jpg
true,abnormal/112.jpg
true,abnormal/221.jpg
true,abnormal/285.jpg
true,abnormal/273.jpg
true,abnormal/407.jpg
true,abnormal/444.jpg
true,abnormal/340.jpg
true,abnormal/337.jpg
true,abnormal/116.jpg
true,abnormal/84.jpg
true,abnormal/178.jpg
true,abnormal/151.jpg
true,abnormal/144.jpg
true,abnormal/363.jpg
true,abnormal/413.jpg
true,abnormal/304.jpg
true,abnormal/386.jpg
true,abnormal/74.jpg
true,abnormal/225.jpg
true,abnormal/319.jpg
true,abnormal/51.jpg
true,abnormal/10.jpg
true,abnormal/428.jpg
true,abnormal/38.jpg
true,abnormal/218.jpg
true,abnormal/79.jpg
true,abnormal/24.jpg
true,abnormal/106.jpg
true,abnormal/266.jpg
true,abnormal/140.jpg
true,abnormal/137.jpg
true,abnormal/197.jpg
true,abnormal/453.jpg
true,abnormal/93.jpg
true,abnormal/374.jpg
true,abnormal/323.jpg
true,abnormal/190.jpg
true,abnormal/308.jpg
true,abnormal/63.jpg
true,abnormal/298.jpg
true,abnormal/26.jpg
true,abnormal/23.jpg
true,abnormal/260.jpg
true,abnormal/311.jpg
true,abnormal/31.jpg
true,abnormal/372.jpg
true,abnormal/394.jpg
true,abnormal/299.jpg
true,abnormal/189.jpg
true,abnormal/348.jpg
true,abnormal/174.jpg
true,abnormal/297.jpg
true,abnormal/422.jpg
true,abnormal/35.jpg
true,abnormal/320.jpg
true,abnormal/358.jpg
true,abnormal/437.jpg
true,abnormal/121.jpg
true,abnormal/418.jpg
true,abnormal/36.jpg
true,abnormal/310.jpg
true,abnormal/382.jpg
true,abnormal/73.jpg
true,abnormal/313.jpg
true,abnormal/198.jpg
true,abnormal/408.jpg
true,abnormal/152.jpg
true,abnormal/101.jpg
true,abnormal/224.jpg
true,abnormal/342.jpg
true,abnormal/245.jpg
true,abnormal/380.jpg
true,abnormal/229.jpg
true,abnormal/165.jpg
true,abnormal/426.jpg
true,abnormal/288.jpg
true,abnormal/143.jpg
true,abnormal/259.jpg
true,abnormal/61.jpg
true,abnormal/135.jpg
true,abnormal/98.jpg
true,abnormal/411.jpg
true,abnormal/187.jpg
true,abnormal/242.jpg
true,abnormal/289.jpg
true,abnormal/59.jpg
true,abnormal/451.jpg
true,abnormal/176.jpg
true,abnormal/154.jpg
true,abnormal/379.jpg
true,abnormal/301.jpg
true,abnormal/400.jpg
true,abnormal/443.jpg
true,abnormal/169.jpg
true,abnormal/48.jpg
true,abnormal/447.jpg
true,abnormal/184.jpg
true,abnormal/105.jpg
true,abnormal/287.jpg
true,abnormal/110.jpg
true,abnormal/419.jpg
true,abnormal/439.jpg
true,abnormal/11.jpg
true,abnormal/183.jpg
true,abnormal/247.jpg
true,abnormal/86.jpg
true,abnormal/409.jpg
true,abnormal/384.jpg
true,abnormal/117.jpg
true,abnormal/62.jpg
true,abnormal/283.jpg
true,abnormal/333.jpg
true,abnormal/324.jpg
true,abnormal/6.jpg
true,abnormal/361.jpg
true,abnormal/278.jpg
true,abnormal/347.jpg
true,abnormal/57.jpg
true,abnormal/207.jpg
true,abnormal/171.jpg
true,abnormal/349.jpg
true,abnormal/294.jpg
true,abnormal/399.jpg
true,abnormal/8.jpg
true,abnormal/316.jpg
true,abnormal/128.jpg
true,abnormal/455.jpg
true,abnormal/415.jpg
true,abnormal/328.jpg
true,abnormal/404.jpg
true,abnormal/162.jpg
true,abnormal/133.jpg
true,abnormal/69.jpg
true,abnormal/371.jpg
true,abnormal/330.jpg
true,abnormal/70.jpg
true,abnormal/261.jpg
true,abnormal/254.jpg
true,abnormal/448.jpg
true,abnormal/115.jpg
true,abnormal/104.jpg
true,abnormal/433.jpg
true,abnormal/450.jpg
true,abnormal/367.jpg
true,abnormal/436.jpg
true,abnormal/303.jpg
true,abnormal/296.jpg
true,abnormal/148.jpg
true,abnormal/239.jpg
true,abnormal/192.jpg
true,abnormal/77.jpg
true,abnormal/52.jpg
true,abnormal/352.jpg
true,abnormal/205.jpg
true,abnormal/236.jpg
true,abnormal/265.jpg
true,abnormal/452.jpg
true,abnormal/233.jpg
true,abnormal/429.jpg
true,abnormal/327.jpg
true,abnormal/255.jpg
true,abnormal/200.jpg
true,abnormal/344.jpg
true,abnormal/111.jpg
true,abnormal/314.jpg
true,abnormal/25.jpg
true,abnormal/370.jpg
true,abnormal/118.jpg
true,abnormal/405.jpg
true,abnormal/160.jpg
true,abnormal/204.jpg
true,abnormal/220.jpg
true,abnormal/22.jpg
true,abnormal/238.jpg
true,abnormal/72.jpg
true,abnormal/295.jpg
true,abnormal/134.jpg
true,abnormal/30.jpg
true,abnormal/103.jpg
true,abnormal/210.jpg
true,abnormal/253.jpg
true,abnormal/293.jpg
true,abnormal/124.jpg
true,abnormal/27.jpg
true,abnormal/241.jpg
true,abnormal/214.jpg
true,abnormal/90.jpg
true,abnormal/55.jpg
true,abnormal/351.jpg
true,abnormal/336.jpg
true,abnormal/129.jpg
true,abnormal/446.jpg
true,abnormal/387.jpg
true,abnormal/158.jpg
true,abnormal/262.jpg
true,abnormal/425.jpg
true,abnormal/195.jpg
true,abnormal/34.jpg
true,abnormal/199.jpg
true,abnormal/88.jpg
true,abnormal/300.jpg
true,abnormal/432.jpg
true,abnormal/421.jpg
true,abnormal/102.jpg
true,abnormal/167.jpg
true,abnormal/177.jpg
true,abnormal/119.jpg
true,abnormal/243.jpg
true,abnormal/179.jpg
true,abnormal/222.jpg
true,abnormal/97.jpg
true,abnormal/378.jpg
true,abnormal/368.jpg
true,abnormal/365.jpg
true,abnormal/208.jpg
true,abnormal/442.jpg
true,abnormal/383.jpg
true,abnormal/338.jpg
true,abnormal/87.jpg
true,abnormal/113.jpg
true,abnormal/427.jpg
true,abnormal/250.jpg
true,abnormal/329.jpg
true,abnormal/249.jpg
true,abnormal/376.jpg
true,abnormal/240.jpg
true,abnormal/58.jpg
true,abnormal/145.jpg
true,abnormal/75.jpg
true,abnormal/355.jpg
true,abnormal/212.jpg
true,abnormal/281.jpg
true,abnormal/231.jpg
true,abnormal/326.jpg
true,abnormal/194.jpg
true,abnormal/182.jpg
true,abnormal/40.jpg
true,abnormal/375.jpg
true,abnormal/94.jpg
true,abnormal/449.jpg
true,abnormal/267.jpg
true,abnormal/78.jpg
true,abnormal/191.jpg
true,abnormal/302.jpg
true,abnormal/274.jpg
true,abnormal/230.jpg
true,abnormal/331.jpg
true,abnormal/312.jpg
true,abnormal/392.jpg
true,abnormal/89.jpg
true,abnormal/445.jpg
true,abnormal/45.jpg
true,abnormal/381.jpg
true,abnormal/96.jpg
true,abnormal/132.jpg
true,abnormal/271.jpg
true,abnormal/66.jpg
true,abnormal/275.jpg
true,abnormal/390.jpg
true,abnormal/217.jpg
true,abnormal/44.jpg
true,abnormal/395.jpg
true,abnormal/406.jpg
true,abnormal/438.jpg
true,abnormal/180.jpg
true,abnormal/410.jpg
true,abnormal/362.jpg
true,abnormal/364.jpg
true,abnormal/147.jpg
true,abnormal/211.jpg
true,abnormal/41.jpg
true,abnormal/309.jpg
true,abnormal/126.jpg
true,abnormal/163.jpg
true,abnormal/201.jpg
true,abnormal/99.jpg
true,abnormal/232.jpg
true,abnormal/120.jpg
true,abnormal/213.jpg
true,abnormal/305.jpg
true,abnormal/369.jpg
true,abnormal/5.jpg
true,abnormal/122.jpg
true,abnormal/357.jpg
true,abnormal/234.jpg
true,abnormal/164.jpg
true,abnormal/258.jpg
true,abnormal/277.jpg
true,abnormal/91.jpg
true,abnormal/341.jpg
true,abnormal/67.jpg
true,abnormal/385.jpg
true,abnormal/276.jpg
true,abnormal/13.jpg
true,abnormal/317.jpg
true,abnormal/264.jpg
true,abnormal/335.jpg
true,abnormal/47.jpg
true,abnormal/257.jpg
true,abnormal/43.jpg
true,abnormal/18.jpg
true,abnormal/53.jpg
true,abnormal/68.jpg
true,abnormal/282.jpg
true,abnormal/388.jpg
true,abnormal/141.jpg
true,abnormal/306.jpg
true,abnormal/157.jpg
true,abnormal/85.jpg
true,abnormal/193.jpg
true,abnormal/373.jpg
true,abnormal/92.jpg
true,abnormal/248.jpg
true,abnormal/138.jpg
true,abnormal/107.jpg
true,abnormal/226.jpg
true,abnormal/49.jpg
true,abnormal/209.jpg
true,abnormal/83.jpg
true,abnormal/173.jpg
true,abnormal/123.jpg
true,abnormal/402.jpg
true,abnormal/286.jpg
true,abnormal/181.jpg
true,abnormal/325.jpg
true,abnormal/353.jpg
false,normal/343.jpg
false,normal/3356.jpg
false,normal/2466.jpg
false,normal/1998.jpg
false,normal/1194.jpg
false,normal/159.jpg
false,normal/1197.jpg
false,normal/3624.jpg
false,normal/2263.jpg
false,normal/3637.jpg
false,normal/995.jpg
false,normal/1035.jpg
false,normal/3321.jpg
false,normal/56.jpg
false,normal/1861.jpg
false,normal/3314.jpg
false,normal/2147.jpg
false,normal/484.jpg
false,normal/663.jpg
false,normal/142.jpg
false,normal/3533.jpg
false,normal/1421.jpg
false,normal/3219.jpg
false,normal/2605.jpg
false,normal/1275.jpg
false,normal/2166.jpg
false,normal/914.jpg
false,normal/3132.jpg
false,normal/1184.jpg
false,normal/15.jpg
false,normal/2547.jpg
false,normal/811.jpg
false,normal/175.jpg
false,normal/605.jpg
false,normal/42.jpg
false,normal/2416.jpg
false,normal/1642.jpg
false,normal/1763.jpg
false,normal/185.jpg
false,normal/2388.jpg
false,normal/1824.jpg
false,normal/1752.jpg
false,normal/3458.jpg
false,normal/377.jpg
false,normal/1501.jpg
false,normal/3327.jpg
false,normal/1071.jpg
false,normal/1389.jpg
false,normal/830.jpg
false,normal/1135.jpg
false,normal/2995.jpg
false,normal/2113.jpg
false,normal/607.jpg
false,normal/3432.jpg
false,normal/1211.jpg
false,normal/1473.jpg
false,normal/2265.jpg
false,normal/1033.jpg
false,normal/1999.jpg
false,normal/1491.jpg
false,normal/1426.jpg
false,normal/2577.jpg
false,normal/3660.jpg
false,normal/1542.jpg
false,normal/2872.jpg
false,normal/684.jpg
false,normal/3679.jpg
false,normal/131.jpg
false,normal/2891.jpg
false,normal/3064.jpg
false,normal/1452.jpg
false,normal/2565.jpg
false,normal/2390.jpg
false,normal/206.jpg
false,normal/3399.jpg
false,normal/2227.jpg
false,normal/2368.jpg
false,normal/2084.jpg
false,normal/412.jpg
false,normal/321.jpg
false,normal/1930.jpg
false,normal/2290.jpg
false,normal/2688.jpg
false,normal/54.jpg
false,normal/2663.jpg
false,normal/1795.jpg
false,normal/700.jpg
false,normal/1988.jpg
false,normal/2062.jpg
false,normal/2054.jpg
false,normal/2295.jpg
false,normal/3467.jpg
false,normal/3711.jpg
false,normal/9.jpg
false,normal/1685.jpg
false,normal/3021.jpg
false,normal/711.jpg
false,normal/674.jpg
false,normal/424.jpg
false,normal/3028.jpg
false,normal/1698.jpg
false,normal/1525.jpg
false,normal/366.jpg
false,normal/1562.jpg
false,normal/1574.jpg
false,normal/2576.jpg
false,normal/2224.jpg
false,normal/1852.jpg
false,normal/3586.jpg
false,normal/1112.jpg
false,normal/1474.jpg
false,normal/1781.jpg
false,normal/2209.jpg
false,normal/1391.jpg
false,normal/423.jpg
false,normal/1660.jpg
false,normal/2011.jpg
false,normal/456.jpg
false,normal/876.jpg
false,normal/2204.jpg
false,normal/1784.jpg
false,normal/3685.jpg
false,normal/1200.jpg
false,normal/1450.jpg
false,normal/398.jpg
false,normal/2741.jpg
false,normal/2968.jpg
false,normal/2152.jpg
false,normal/697.jpg
false,normal/3598.jpg
false,normal/2661.jpg
false,normal/2502.jpg
false,normal/2551.jpg
false,normal/1670.jpg
false,normal/3544.jpg
false,normal/822.jpg
false,normal/2519.jpg
false,normal/3248.jpg
false,normal/827.jpg
false,normal/1778.jpg
false,normal/759.jpg
false,normal/3305.jpg
false,normal/2140.jpg
false,normal/1903.jpg
false,normal/1875.jpg
false,normal/2713.jpg
false,normal/2637.jpg
false,normal/2634.jpg
false,normal/2966.jpg
false,normal/166.jpg
false,normal/3584.jpg
false,normal/3339.jpg
false,normal/757.jpg
false,normal/3669.jpg
false,normal/892.jpg
false,normal/3227.jpg
false,normal/1937.jpg
false,normal/803.jpg
false,normal/350.jpg
false,normal/2092.jpg
false,normal/136.jpg
false,normal/2648.jpg
false,normal/2674.jpg
false,normal/544.jpg
false,normal/2831.jpg
false,normal/2395.jpg
false,normal/1239.jpg
false,normal/1623.jpg
false,normal/3543.jpg
false,normal/3519.jpg
false,normal/1297.jpg
false,normal/874.jpg
false,normal/1645.jpg
false,normal/2439.jpg
false,normal/2163.jpg
false,normal/1356.jpg
false,normal/1933.jpg
false,normal/2434.jpg
false,normal/3657.jpg
false,normal/1596.jpg
false,normal/525.jpg
false,normal/733.jpg
false,normal/71.jpg
false,normal/887.jpg
false,normal/1430.jpg
false,normal/2866.jpg
false,normal/683.jpg
false,normal/3344.jpg
false,normal/2672.jpg
false,normal/1621.jpg
false,normal/581.jpg
false,normal/359.jpg
false,normal/1820.jpg
false,normal/2695.jpg
false,normal/2482.jpg
false,normal/516.jpg
false,normal/1995.jpg
false,normal/1985.jpg
false,normal/688.jpg
false,normal/246.jpg
false,normal/1366.jpg
false,normal/490.jpg
false,normal/1302.jpg
false,normal/1263.jpg
false,normal/3507.jpg
false,normal/1027.jpg
false,normal/2603.jpg
false,normal/2631.jpg
false,normal/2503.jpg
false,normal/3033.jpg
false,normal/518.jpg
false,normal/2988.jpg
false,normal/1483.jpg
false,normal/2945.jpg
false,normal/2012.jpg
false,normal/1495.jpg
false,normal/2598.jpg
false,normal/2148.jpg
false,normal/244.jpg
false,normal/2527.jpg
false,normal/3150.jpg
false,normal/810.jpg
false,normal/3322.jpg
false,normal/292.jpg
false,normal/2780.jpg
false,normal/3034.jpg
false,normal/849.jpg
false,normal/1424.jpg
false,normal/737.jpg
false,normal/3006.jpg
false,normal/3351.jpg
false,normal/1866.jpg
false,normal/2820.jpg
false,normal/1510.jpg
false,normal/671.jpg
false,normal/1096.jpg
false,normal/629.jpg
false,normal/2862.jpg
false,normal/1684.jpg
false,normal/2247.jpg
false,normal/2243.jpg
false,normal/2251.jpg
false,normal/1251.jpg
false,normal/3628.jpg
false,normal/930.jpg
false,normal/2650.jpg
false,normal/1552.jpg
false,normal/2871.jpg
false,normal/3727.jpg
false,normal/2718.jpg
false,normal/1884.jpg
false,normal/2241.jpg
false,normal/334.jpg
false,normal/1492.jpg
false,normal/1163.jpg
false,normal/1783.jpg
false,normal/2744.jpg
false,normal/203.jpg
false,normal/1057.jpg
false,normal/2367.jpg
false,normal/3115.jpg
false,normal/3511.jpg
false,normal/2097.jpg
false,normal/280.jpg
false,normal/3707.jpg
false,normal/3079.jpg
false,normal/1979.jpg
false,normal/2522.jpg
false,normal/3126.jpg
false,normal/1624.jpg
false,normal/1571.jpg
false,normal/2715.jpg
false,normal/3130.jpg
false,normal/125.jpg
false,normal/1658.jpg
false,normal/1024.jpg
false,normal/505.jpg
false,normal/3421.jpg
false,normal/555.jpg
false,normal/1090.jpg
false,normal/1470.jpg
false,normal/485.jpg
false,normal/1817.jpg
false,normal/3523.jpg
false,normal/2441.jpg
false,normal/906.jpg
false,normal/346.jpg
false,normal/389.jpg
false,normal/397.jpg
false,normal/1575.jpg
false,normal/2370.jpg
false,normal/2162.jpg
false,normal/664.jpg
false,normal/3030.jpg
false,normal/869.jpg
false,normal/2558.jpg
false,normal/818.jpg
false,normal/227.jpg
false,normal/2702.jpg
false,normal/809.jpg
false,normal/2480.jpg
false,normal/2975.jpg
false,normal/130.jpg
false,normal/2593.jpg
false,normal/3353.jpg
false,normal/2171.jpg
false,normal/3269.jpg
false,normal/1021.jpg
false,normal/1759.jpg
false,normal/2614.jpg
false,normal/931.jpg
false,normal/748.jpg
false,normal/1804.jpg
false,normal/2738.jpg
false,normal/3539.jpg
false,normal/3370.jpg
false,normal/1469.jpg
false,normal/533.jpg
false,normal/360.jpg
false,normal/877.jpg
false,normal/3026.jpg
false,normal/2752.jpg
false,normal/2997.jpg
false,normal/1029.jpg
false,normal/2016.jpg
false,normal/2498.jpg
false,normal/2540.jpg
false,normal/2959.jpg
false,normal/971.jpg
false,normal/507.jpg
false,normal/2344.jpg
false,normal/3330.jpg
false,normal/1625.jpg
false,normal/580.jpg
false,normal/2237.jpg
false,normal/3081.jpg
false,normal/2632.jpg
false,normal/925.jpg
false,normal/1326.jpg
false,normal/2999.jpg
false,normal/3513.jpg
false,normal/1270.jpg
false,normal/3698.jpg
false,normal/39.jpg
false,normal/1564.jpg
false,normal/920.jpg
false,normal/3665.jpg
false,normal/630.jpg
false,normal/687.jpg
false,normal/2942.jpg
false,normal/2701.jpg
false,normal/420.jpg
false,normal/414.jpg
false,normal/3654.jpg
false,normal/2240.jpg
false,normal/2275.jpg
false,normal/2256.jpg
false,normal/2366.jpg
false,normal/1292.jpg
false,normal/1836.jpg
false,normal/2885.jpg
false,normal/1439.jpg
false,normal/3536.jpg
false,normal/2085.jpg
false,normal/2338.jpg
false,normal/3552.jpg
false,normal/2726.jpg
false,normal/1040.jpg
false,normal/3557.jpg
false,normal/1503.jpg
false,normal/3588.jpg
false,normal/2203.jpg
false,normal/3178.jpg
false,normal/2678.jpg
false,normal/1250.jpg
false,normal/1303.jpg
false,normal/3622.jpg
false,normal/279.jpg
false,normal/825.jpg
false,normal/3365.jpg
false,normal/1897.jpg
false,normal/1333.jpg
false,normal/3407.jpg
false,normal/268.jpg
false,normal/2624.jpg
false,normal/2116.jpg
false,normal/1298.jpg
false,normal/1907.jpg
false,normal/746.jpg
false,normal/3140.jpg
false,normal/627.jpg
false,normal/235.jpg
false,normal/3743.jpg
false,normal/756.jpg
false,normal/3473.jpg
false,normal/2230.jpg
false,normal/3623.jpg
false,normal/2320.jpg
false,normal/747.jpg
false,normal/64.jpg
false,normal/435.jpg
false,normal/3725.jpg
false,normal/1181.jpg
false,normal/188.jpg
false,normal/1676.jpg
false,normal/1121.jpg
false,normal/2430.jpg
false,normal/3367.jpg
false,normal/1617.jpg
false,normal/2867.jpg
false,normal/1889.jpg
false,normal/1650.jpg
false,normal/2734.jpg
false,normal/2343.jpg
false,normal/1195.jpg
false,normal/1920.jpg
false,normal/3073.jpg
false,normal/3573.jpg
false,normal/2186.jpg
false,normal/1549.jpg
false,normal/32.jpg
false,normal/1432.jpg
false,normal/1128.jpg
false,normal/2034.jpg
false,normal/1582.jpg
false,normal/3076.jpg
false,normal/1708.jpg
false,normal/1850.jpg
false,normal/1614.jpg
false,normal/3286.jpg
false,normal/882.jpg
false,normal/3670.jpg
false,normal/1706.jpg
false,normal/3139.jpg
false,normal/2403.jpg
false,normal/575.jpg
false,normal/984.jpg
false,normal/3561.jpg
false,normal/3606.jpg
false,normal/430.jpg
false,normal/1290.jpg
false,normal/2597.jpg
false,normal/3295.jpg
false,normal/2316.jpg
false,normal/3298.jpg
false,normal/1009.jpg
false,normal/3316.jpg
false,normal/1085.jpg
false,normal/3441.jpg
false,normal/2356.jpg
false,normal/2683.jpg
false,normal/1553.jpg
false,normal/3445.jpg
false,normal/14.jpg
false,normal/1603.jpg
false,normal/707.jpg
false,normal/1348.jpg
false,normal/3369.jpg
false,normal/2722.jpg
false,normal/899.jpg
false,normal/547.jpg
false,normal/2322.jpg
false,normal/2946.jpg
false,normal/1434.jpg
false,normal/3228.jpg
false,normal/2083.jpg
false,normal/3072.jpg
false,normal/2944.jpg
false,normal/155.jpg
false,normal/1129.jpg
false,normal/1329.jpg
false,normal/2262.jpg
false,normal/3603.jpg
false,normal/3061.jpg
false,normal/3502.jpg
false,normal/3257.jpg
false,normal/3699.jpg
false,normal/149.jpg
false,normal/127.jpg
false,normal/17.jpg
false,normal/2279.jpg
false,normal/3340.jpg
false,normal/3527.jpg
false,normal/2058.jpg
false,normal/2845.jpg
false,normal/3158.jpg
false,normal/3266.jpg
false,normal/3108.jpg
false,normal/641.jpg
false,normal/1842.jpg
false,normal/1346.jpg
false,normal/2700.jpg
false,normal/2389.jpg
false,normal/875.jpg
false,normal/3716.jpg
false,normal/1826.jpg
false,normal/3611.jpg
false,normal/1101.jpg
false,normal/1237.jpg
false,normal/1481.jpg
false,normal/3113.jpg
false,normal/2506.jpg
false,normal/940.jpg
false,normal/2194.jpg
false,normal/3591.jpg
false,normal/3217.jpg
false,normal/3397.jpg
false,normal/3203.jpg
false,normal/3372.jpg
false,normal/109.jpg
false,normal/1047.jpg
false,normal/3672.jpg
false,normal/1755.jpg
false,normal/1124.jpg
false,normal/3589.jpg
false,normal/2423.jpg
false,normal/486.jpg
false,normal/322.jpg
false,normal/1420.jpg
false,normal/2625.jpg
false,normal/1204.jpg
false,normal/2636.jpg
false,normal/3114.jpg
false,normal/1340.jpg
false,normal/1558.jpg
false,normal/1779.jpg
false,normal/1996.jpg
false,normal/150.jpg
false,normal/2516.jpg
false,normal/1803.jpg
false,normal/100.jpg
false,normal/1043.jpg
false,normal/2775.jpg
false,normal/1321.jpg
false,normal/941.jpg
false,normal/2647.jpg
false,normal/65.jpg
false,normal/1748.jpg
false,normal/3675.jpg
false,normal/2876.jpg
false,normal/1537.jpg
false,normal/3002.jpg
false,normal/891.jpg
false,normal/1345.jpg
false,normal/3413.jpg
false,normal/1296.jpg
false,normal/2833.jpg
false,normal/3575.jpg
false,normal/1615.jpg
false,normal/1972.jpg
false,normal/1353.jpg
false,normal/28.jpg
false,normal/307.jpg
false,normal/2798.jpg
false,normal/1847.jpg
false,normal/1362.jpg
false,normal/168.jpg
false,normal/541.jpg
false,normal/1083.jpg
false,normal/1951.jpg
false,normal/1860.jpg
false,normal/623.jpg
false,normal/391.jpg
false,normal/1646.jpg
false,normal/2846.jpg
false,normal/2041.jpg
false,normal/3048.jpg
false,normal/1225.jpg
false,normal/985.jpg
false,normal/3074.jpg
false,normal/1924.jpg
false,normal/1115.jpg
false,normal/21.jpg
false,normal/1401.jpg
false,normal/284.jpg
false,normal/989.jpg
false,normal/2512.jpg
false,normal/416.jpg
false,normal/80.jpg
false,normal/1220.jpg
false,normal/2898.jpg
false,normal/2428.jpg
false,normal/3190.jpg
false,normal/3313.jpg
false,normal/156.jpg
false,normal/2608.jpg
false,normal/3127.jpg
false,normal/3027.jpg
false,normal/1478.jpg
false,normal/2694.jpg
false,normal/732.jpg
false,normal/29.jpg
false,normal/2530.jpg
false,normal/638.jpg
false,normal/2680.jpg
false,normal/1319.jpg
false,normal/2996.jpg
false,normal/1671.jpg
false,normal/3682.jpg
false,normal/1276.jpg
false,normal/730.jpg
false,normal/881.jpg
false,normal/1092.jpg
false,normal/1898.jpg
false,normal/1044.jpg
false,normal/2225.jpg
false,normal/3597.jpg
false,normal/3549.jpg
false,normal/2175.jpg
false,normal/944.jpg
false,normal/3066.jpg
false,normal/705.jpg
false,normal/2737.jpg
false,normal/2521.jpg
false,normal/739.jpg
false,normal/228.jpg
false,normal/3454.jpg
false,normal/839.jpg
false,normal/2413.jpg
false,normal/3390.jpg
false,normal/1872.jpg
false,normal/1610.jpg
false,normal/2917.jpg
false,normal/2735.jpg
false,normal/600.jpg
false,normal/3728.jpg
false,normal/2089.jpg
false,normal/3580.jpg
false,normal/2588.jpg
false,normal/1189.jpg
false,normal/651.jpg
false,normal/524.jpg
false,normal/919.jpg
false,normal/3109.jpg
false,normal/2906.jpg
false,normal/146.jpg
false,normal/3225.jpg
false,normal/1221.jpg
false,normal/2602.jpg
false,normal/3567.jpg
false,normal/3578.jpg
false,normal/1700.jpg
false,normal/1953.jpg
false,normal/1888.jpg
false,normal/2589.jpg
false,normal/2971.jpg
false,normal/1746.jpg
false,normal/3484.jpg
false,normal/434.jpg
false,normal/3613.jpg
false,normal/3222.jpg
false,normal/219.jpg
false,normal/3505.jpg
false,normal/777.jpg
false,normal/2103.jpg
false,normal/601.jpg
false,normal/1414.jpg
false,normal/1535.jpg
false,normal/1500.jpg
false,normal/318.jpg
false,normal/2967.jpg
false,normal/3428.jpg
false,normal/2319.jpg
false,normal/1338.jpg
false,normal/2063.jpg
false,normal/1922.jpg
false,normal/1816.jpg
false,normal/2669.jpg
false,normal/3601.jpg
false,normal/1025.jpg
false,normal/3162.jpg
false,normal/3616.jpg
false,normal/2809.jpg
false,normal/1718.jpg
false,normal/2904.jpg
false,normal/3554.jpg
false,normal/2730.jpg
false,normal/396.jpg
false,normal/2800.jpg
false,normal/291.jpg
false,normal/474.jpg
false,normal/606.jpg
false,normal/237.jpg
false,normal/7.jpg
false,normal/3389.jpg
false,normal/2008.jpg
false,normal/3415.jpg
false,normal/812.jpg
false,normal/695.jpg
false,normal/937.jpg
false,normal/1822.jpg
false,normal/2497.jpg
false,normal/1945.jpg
false,normal/2133.jpg
false,normal/1119.jpg
false,normal/3662.jpg
false,normal/2457.jpg
false,normal/50.jpg
false,normal/2002.jpg
false,normal/252.jpg
false,normal/1074.jpg
false,normal/2850.jpg
false,normal/2139.jpg
false,normal/3245.jpg
false,normal/2444.jpg
false,normal/2757.jpg
false,normal/1113.jpg
false,normal/3274.jpg
false,normal/1739.jpg
false,normal/898.jpg
false,normal/1713.jpg
false,normal/1291.jpg
false,normal/3086.jpg
false,normal/3600.jpg
false,normal/272.jpg
false,normal/256.jpg
false,normal/1607.jpg
false,normal/764.jpg
false,normal/114.jpg
false,normal/3721.jpg
false,normal/820.jpg
false,normal/1531.jpg
false,normal/2446.jpg
false,normal/2327.jpg
false,normal/2313.jpg
false,normal/3234.jpg
false,normal/2767.jpg
false,normal/1116.jpg
false,normal/911.jpg
false,normal/758.jpg
false,normal/3498.jpg
false,normal/2937.jpg
false,normal/161.jpg
false,normal/952.jpg
false,normal/3165.jpg
false,normal/3614.jpg
false,normal/1166.jpg
false,normal/1629.jpg
false,normal/1072.jpg
false,normal/3521.jpg
false,normal/3329.jpg
false,normal/503.jpg
false,normal/3697.jpg
false,normal/3489.jpg
false,normal/2424.jpg
false,normal/2019.jpg
false,normal/487.jpg
false,normal/2758.jpg
false,normal/1774.jpg
false,normal/966.jpg
false,normal/1958.jpg
false,normal/1768.jpg
false,normal/1737.jpg
false,normal/1955.jpg
false,normal/1186.jpg
false,normal/1505.jpg
false,normal/3681.jpg
false,normal/1595.jpg
false,normal/760.jpg
false,normal/1668.jpg
false,normal/3136.jpg
false,normal/556.jpg
false,normal/2832.jpg
false,normal/3717.jpg
false,normal/563.jpg
false,normal/417.jpg
false,normal/3604.jpg
false,normal/3195.jpg
false,normal/186.jpg
false,normal/139.jpg
false,normal/1631.jpg
false,normal/2501.jpg
false,normal/3052.jpg
false,normal/3263.jpg
false,normal/2879.jpg
false,normal/196.jpg
false,normal/1487.jpg
false,normal/1154.jpg
false,normal/3186.jpg
false,normal/1004.jpg
false,normal/1986.jpg
false,normal/108.jpg
false,normal/2795.jpg
false,normal/2671.jpg
false,normal/837.jpg
false,normal/2326.jpg
false,normal/720.jpg
false,normal/1164.jpg
false,normal/2848.jpg
false,normal/3690.jpg
false,normal/698.jpg
false,normal/270.jpg
false,normal/2208.jpg
false,normal/82.jpg
false,normal/718.jpg
false,normal/1973.jpg
false,normal/3702.jpg
false,normal/1600.jpg
false,normal/3747.jpg
false,normal/1758.jpg
false,normal/861.jpg
false,normal/33.jpg
false,normal/2450.jpg
false,normal/2922.jpg
false,normal/339.jpg
false,normal/550.jpg
false,normal/2764.jpg
false,normal/3501.jpg
false,normal/2938.jpg
false,normal/1203.jpg
false,normal/2816.jpg
false,normal/842.jpg
false,normal/3674.jpg
false,normal/3201.jpg
false,normal/3197.jpg
false,normal/2723.jpg
false,normal/1235.jpg
false,normal/1109.jpg
false,normal/2868.jpg
false,normal/2940.jpg
false,normal/95.jpg
false,normal/1138.jpg
false,normal/60.jpg
false,normal/2130.jpg
false,normal/1735.jpg
false,normal/1091.jpg
false,normal/2045.jpg
false,normal/12.jpg
false,normal/3718.jpg
false,normal/2239.jpg
false,normal/3161.jpg
false,normal/1709.jpg
false,normal/1264.jpg
false,normal/465.jpg
false,normal/46.jpg
false,normal/596.jpg
false,normal/2596.jpg
false,normal/401.jpg
false,normal/19.jpg
false,normal/2587.jpg
false,normal/2763.jpg
false,normal/2883.jpg
false,normal/1942.jpg
false,normal/460.jpg
false,normal/807.jpg
false,normal/2548.jpg
false,normal/2177.jpg
false,normal/3737.jpg
false,normal/2188.jpg
false,normal/542.jpg
false,normal/2856.jpg
false,normal/677.jpg
false,normal/2692.jpg
false,normal/393.jpg
false,normal/37.jpg
false,normal/1805.jpg
false,normal/1036.jpg
false,normal/2604.jpg
false,normal/1569.jpg
false,normal/3070.jpg
false,normal/153.jpg
false,normal/76.jpg
false,normal/1060.jpg
false,normal/2342.jpg
false,normal/454.jpg
false,normal/1229.jpg
false,normal/728.jpg
false,normal/1477.jpg
false,normal/1544.jpg
false,normal/461.jpg
false,normal/3602.jpg
false,normal/3380.jpg
false,normal/1581.jpg
false,normal/1300.jpg
false,normal/1423.jpg
false,normal/3289.jpg
false,normal/1635.jpg
false,normal/81.jpg
false,normal/2733.jpg
false,normal/569.jpg
false,normal/216.jpg
false,normal/1185.jpg
false,normal/2742.jpg
false,normal/1335.jpg
false,normal/1750.jpg
false,normal/2201.jpg
false,normal/1399.jpg
false,normal/585.jpg
false,normal/2346.jpg
false,normal/2761.jpg
false,normal/3116.jpg
false,normal/2670.jpg
false,normal/3348.jpg
false,normal/579.jpg
false,normal/3196.jpg
false,normal/1377.jpg
false,normal/2828.jpg
false,normal/657.jpg
false,normal/543.jpg
false,normal/2829.jpg
false,normal/932.jpg
false,normal/2050.jpg
false,normal/1476.jpg
false,normal/1103.jpg
false,normal/1989.jpg
false,normal/3362.jpg
false,normal/972.jpg
false,normal/20.jpg
false,normal/2977.jpg
false,normal/2956.jpg
false,normal/1324.jpg
false,normal/3726.jpg
false,normal/703.jpg
false,normal/2979.jpg
false,normal/2132.jpg
false,normal/1041.jpg
false,normal/1130.jpg
false,normal/1766.jpg
false,normal/3350.jpg
false,normal/2339.jpg
false,normal/403.jpg
false,normal/1507.jpg
false,normal/1918.jpg
false,normal/441.jpg
false,normal/857.jpg
false,normal/511.jpg
false,normal/513.jpg
false,normal/492.jpg
false,normal/2581.jpg
false,normal/2040.jpg
false,normal/3364.jpg
false,normal/2235.jpg
false,normal/2689.jpg
false,normal/1712.jpg
false,normal/1236.jpg
false,normal/3653.jpg
false,normal/791.jpg
false,normal/1323.jpg
false,normal/2545.jpg
false,normal/1073.jpg
false,normal/537.jpg
false,normal/3017.jpg
false,normal/3185.jpg
false,normal/332.jpg
false,normal/440.jpg
false,normal/608.jpg
false,normal/1002.jpg
false,normal/345.jpg
false,normal/3559.jpg
false,normal/1007.jpg
false,normal/2965.jpg
false,normal/538.jpg
false,normal/3451.jpg
false,normal/2057.jpg
false,normal/2496.jpg
false,normal/2754.jpg
false,normal/356.jpg
false,normal/1885.jpg
false,normal/1180.jpg
false,normal/1976.jpg
false,normal/3003.jpg
false,normal/3471.jpg
false,normal/3268.jpg
false,normal/2123.jpg
false,normal/1663.jpg
false,normal/354.jpg
false,normal/2030.jpg
false,normal/3457.jpg
false,normal/3599.jpg
false,normal/3100.jpg
false,normal/2721.jpg
false,normal/955.jpg
false,normal/215.jpg
false,normal/2781.jpg
false,normal/1352.jpg
false,normal/2586.jpg
false,normal/1844.jpg
false,normal/1360.jpg
false,normal/886.jpg
false,normal/1970.jpg
false,normal/3634.jpg
false,normal/769.jpg
false,normal/3244.jpg
false,normal/2500.jpg
false,normal/1714.jpg
false,normal/1551.jpg
false,normal/1694.jpg
false,normal/3299.jpg
false,normal/3239.jpg
false,normal/1729.jpg
false,normal/2145.jpg
false,normal/290.jpg
false,normal/3062.jpg
false,normal/2579.jpg
false,normal/2440.jpg
false,normal/1475.jpg
false,normal/771.jpg
false,normal/1837.jpg
false,normal/1014.jpg
false,normal/1580.jpg
false,normal/263.jpg
false,normal/2939.jpg
false,normal/3087.jpg
false,normal/2426.jpg
false,normal/2052.jpg
false,normal/3423.jpg
false,normal/1757.jpg
false,normal/1908.jpg
false,normal/3626.jpg
false,normal/1019.jpg
false,normal/2886.jpg
false,normal/1710.jpg
false,normal/1281.jpg
false,normal/223.jpg
false,normal/2707.jpg
false,normal/1305.jpg
false,normal/1494.jpg
false,normal/1404.jpg
false,normal/2622.jpg
false,normal/2135.jpg
false,normal/1061.jpg
false,normal/1572.jpg
false,normal/3193.jpg
false,normal/2006.jpg
false,normal/1218.jpg
false,normal/3590.jpg
false,normal/782.jpg
false,normal/2125.jpg
false,normal/768.jpg
false,normal/1869.jpg
false,normal/2863.jpg
false,normal/170.jpg
false,normal/3137.jpg
false,normal/1256.jpg
false,normal/773.jpg
false,normal/2214.jpg
false,normal/2412.jpg
false,normal/1719.jpg
false,normal/3516.jpg
false,normal/676.jpg
false,normal/3111.jpg
false,normal/1545.jpg
false,normal/3377.jpg
false,normal/865.jpg
false,normal/843.jpg
false,normal/1026.jpg
false,normal/202.jpg
false,normal/2645.jpg
false,normal/3177.jpg
false,normal/2377.jpg
false,normal/1992.jpg
false,normal/2453.jpg
false,normal/834.jpg
false,normal/172.jpg
false,normal/1222.jpg
false,normal/1916.jpg
false,normal/1509.jpg
false,normal/2918.jpg
false,normal/832.jpg
false,normal/2676.jpg
false,normal/269.jpg
false,normal/1149.jpg
false,normal/2467.jpg
false,normal/3093.jpg
false,normal/2655.jpg
false,normal/315.jpg
false,normal/3722.jpg
false,normal/1963.jpg
false,normal/16.jpg
false,normal/1273.jpg
false,normal/1471.jpg
false,normal/3334.jpg
false,normal/3043.jpg
false,normal/1028.jpg
false,normal/662.jpg
false,normal/2289.jpg
false,normal/1307.jpg
false,normal/924.jpg
false,normal/685.jpg
false,normal/1901.jpg
false,normal/1738.jpg
false,normal/3000.jpg
false,normal/3012.jpg
false,normal/251.jpg
false,normal/1640.jpg
false,normal/635.jpg
false,normal/2827.jpg
false,normal/3625.jpg
false,normal/2973.jpg
false,normal/2228.jpg
false,normal/880.jpg
false,normal/431.jpg
false,normal/3401.jpg
false,normal/1177.jpg
false,normal/112.jpg
false,normal/813.jpg
false,normal/1753.jpg
false,normal/2619.jpg
false,normal/3396.jpg
false,normal/1482.jpg
false,normal/2549.jpg
false,normal/3641.jpg
false,normal/3742.jpg
false,normal/933.jpg
false,normal/2437.jpg
false,normal/888.jpg
false,normal/2740.jpg
false,normal/3420.jpg
false,normal/594.jpg
false,normal/1577.jpg
false,normal/1651.jpg
false,normal/2771.jpg
false,normal/1330.jpg
false,normal/2824.jpg
false,normal/221.jpg
false,normal/3416.jpg
false,normal/1341.jpg
false,normal/285.jpg
false,normal/636.jpg
false,normal/1023.jpg
false,normal/1295.jpg
false,normal/1097.jpg
false,normal/3214.jpg
false,normal/753.jpg
false,normal/2788.jpg
false,normal/1498.jpg
false,normal/3015.jpg
false,normal/1954.jpg
false,normal/1949.jpg
false,normal/2396.jpg
false,normal/2609.jpg
false,normal/2880.jpg
false,normal/893.jpg
false,normal/273.jpg
false,normal/2933.jpg
false,normal/3098.jpg
false,normal/2197.jpg
false,normal/3446.jpg
false,normal/2947.jpg
false,normal/1022.jpg
false,normal/553.jpg
false,normal/2178.jpg
false,normal/1597.jpg
false,normal/3710.jpg
false,normal/2838.jpg
false,normal/3110.jpg
false,normal/2958.jpg
false,normal/407.jpg
false,normal/459.jpg
false,normal/2141.jpg
false,normal/444.jpg
false,normal/1637.jpg
false,normal/2029.jpg
false,normal/1634.jpg
false,normal/2391.jpg
false,normal/1210.jpg
false,normal/3481.jpg
false,normal/2285.jpg
false,normal/1902.jpg
false,normal/3667.jpg
false,normal/1638.jpg
false,normal/3400.jpg
false,normal/2793.jpg
false,normal/1110.jpg
false,normal/2893.jpg
false,normal/2855.jpg
false,normal/1834.jpg
false,normal/2736.jpg
false,normal/2459.jpg
false,normal/517.jpg
false,normal/926.jpg
false,normal/3159.jpg
false,normal/763.jpg
false,normal/943.jpg
false,normal/660.jpg
false,normal/1573.jpg
false,normal/340.jpg
false,normal/628.jpg
false,normal/2032.jpg
false,normal/2935.jpg
false,normal/3479.jpg
false,normal/3069.jpg
false,normal/1900.jpg
false,normal/2115.jpg
false,normal/840.jpg
false,normal/2808.jpg
false,normal/1312.jpg
false,normal/2644.jpg
false,normal/3211.jpg
false,normal/1730.jpg
false,normal/2464.jpg
false,normal/557.jpg
false,normal/3545.jpg
false,normal/3360.jpg
false,normal/2090.jpg
false,normal/337.jpg
false,normal/116.jpg
false,normal/2546.jpg
false,normal/514.jpg
false,normal/3522.jpg
false,normal/1534.jpg
false,normal/84.jpg
false,normal/878.jpg
false,normal/2086.jpg
false,normal/2361.jpg
false,normal/1527.jpg
false,normal/1046.jpg
false,normal/935.jpg
false,normal/1848.jpg
false,normal/588.jpg
false,normal/1721.jpg
false,normal/1162.jpg
false,normal/1815.jpg
false,normal/1881.jpg
false,normal/3160.jpg
false,normal/3627.jpg
false,normal/727.jpg
false,normal/2582.jpg
false,normal/2173.jpg
false,normal/2213.jpg
false,normal/178.jpg
false,normal/2621.jpg
false,normal/1325.jpg
false,normal/2273.jpg
false,normal/604.jpg
false,normal/151.jpg
false,normal/3212.jpg
false,normal/144.jpg
false,normal/2072.jpg
false,normal/1179.jpg
false,normal/1799.jpg
false,normal/647.jpg
false,normal/2249.jpg
false,normal/749.jpg
false,normal/363.jpg
false,normal/3701.jpg
false,normal/3091.jpg
false,normal/413.jpg
false,normal/2907.jpg
false,normal/304.jpg
false,normal/2299.jpg
false,normal/1925.jpg
false,normal/3689.jpg
false,normal/2281.jpg
false,normal/3315.jpg
false,normal/2362.jpg
false,normal/2705.jpg
false,normal/2640.jpg
false,normal/1334.jpg
false,normal/3643.jpg
false,normal/1601.jpg
false,normal/1832.jpg
false,normal/2570.jpg
false,normal/2421.jpg
false,normal/2928.jpg
false,normal/1765.jpg
false,normal/1240.jpg
false,normal/386.jpg
false,normal/817.jpg
false,normal/3291.jpg
false,normal/2658.jpg
false,normal/1840.jpg
false,normal/1191.jpg
false,normal/1062.jpg
false,normal/3695.jpg
false,normal/1231.jpg
false,normal/3387.jpg
false,normal/1428.jpg
false,normal/74.jpg
false,normal/2349.jpg
false,normal/2399.jpg
false,normal/3075.jpg
false,normal/2643.jpg
false,normal/948.jpg
false,normal/225.jpg
false,normal/471.jpg
false,normal/1853.jpg
false,normal/787.jpg
false,normal/2095.jpg
false,normal/2341.jpg
false,normal/1274.jpg
false,normal/2488.jpg
false,normal/798.jpg
false,normal/3661.jpg
false,normal/3678.jpg
false,normal/1681.jpg
false,normal/1059.jpg
false,normal/480.jpg
false,normal/1247.jpg
false,normal/1851.jpg
false,normal/1606.jpg
false,normal/997.jpg
false,normal/3731.jpg
false,normal/3220.jpg
false,normal/319.jpg
false,normal/1594.jpg
false,normal/51.jpg
false,normal/10.jpg
false,normal/704.jpg
false,normal/428.jpg
false,normal/991.jpg
false,normal/3056.jpg
false,normal/1599.jpg
false,normal/2330.jpg
false,normal/38.jpg
false,normal/3476.jpg
false,normal/3738.jpg
false,normal/3429.jpg
false,normal/1386.jpg
false,normal/956.jpg
false,normal/2574.jpg
false,normal/618.jpg
false,normal/1868.jpg
false,normal/218.jpg
false,normal/1084.jpg
false,normal/79.jpg
false,normal/2804.jpg
false,normal/945.jpg
false,normal/3035.jpg
false,normal/3465.jpg
false,normal/1175.jpg
false,normal/3664.jpg
false,normal/2799.jpg
false,normal/661.jpg
false,normal/2930.jpg
false,normal/3469.jpg
false,normal/3063.jpg
false,normal/2161.jpg
false,normal/1620.jpg
false,normal/2814.jpg
false,normal/24.jpg
false,normal/2447.jpg
false,normal/2813.jpg
false,normal/1455.jpg
false,normal/500.jpg
false,normal/2216.jpg
false,normal/1387.jpg
false,normal/106.jpg
false,normal/1165.jpg
false,normal/482.jpg
false,normal/670.jpg
false,normal/1556.jpg
false,normal/266.jpg
false,normal/1460.jpg
false,normal/3151.jpg
false,normal/1771.jpg
false,normal/3024.jpg
false,normal/1791.jpg
false,normal/1406.jpg
false,normal/3748.jpg
false,normal/3468.jpg
false,normal/534.jpg
false,normal/1278.jpg
false,normal/1647.jpg
false,normal/3031.jpg
false,normal/3336.jpg
false,normal/1365.jpg
false,normal/140.jpg
false,normal/586.jpg
false,normal/2594.jpg
false,normal/2179.jpg
false,normal/633.jpg
false,normal/1521.jpg
false,normal/808.jpg
false,normal/2418.jpg
false,normal/2698.jpg
false,normal/2980.jpg
false,normal/946.jpg
false,normal/137.jpg
false,normal/1065.jpg
false,normal/2976.jpg
false,normal/571.jpg
false,normal/3490.jpg
false,normal/1456.jpg
false,normal/457.jpg
false,normal/2474.jpg
false,normal/2481.jpg
false,normal/2665.jpg
false,normal/1049.jpg
false,normal/2912.jpg
false,normal/1045.jpg
false,normal/2536.jpg
false,normal/197.jpg
false,normal/2561.jpg
false,normal/453.jpg
false,normal/2989.jpg
false,normal/2776.jpg
false,normal/2760.jpg
false,normal/3163.jpg
false,normal/458.jpg
false,normal/1656.jpg
false,normal/93.jpg
false,normal/2303.jpg
false,normal/1012.jpg
false,normal/3230.jpg
false,normal/1546.jpg
false,normal/1506.jpg
false,normal/1673.jpg
false,normal/1520.jpg
false,normal/1591.jpg
false,normal/1095.jpg
false,normal/2499.jpg
false,normal/1983.jpg
false,normal/2847.jpg
false,normal/1139.jpg
false,normal/1339.jpg
false,normal/1258.jpg
false,normal/2174.jpg
false,normal/2685.jpg
false,normal/1405.jpg
false,normal/2717.jpg
false,normal/374.jpg
false,normal/2286.jpg
false,normal/1950.jpg
false,normal/2383.jpg
false,normal/1132.jpg
false,normal/2080.jpg
false,normal/1272.jpg
false,normal/3297.jpg
false,normal/3631.jpg
false,normal/3398.jpg
false,normal/323.jpg
false,normal/2489.jpg
false,normal/3045.jpg
false,normal/1385.jpg
false,normal/2257.jpg
false,normal/1655.jpg
false,normal/190.jpg
false,normal/3036.jpg
false,normal/1690.jpg
false,normal/957.jpg
false,normal/1982.jpg
false,normal/3293.jpg
false,normal/761.jpg
false,normal/2728.jpg
false,normal/915.jpg
false,normal/2777.jpg
false,normal/1400.jpg
false,normal/866.jpg
false,normal/3409.jpg
false,normal/554.jpg
false,normal/2068.jpg
false,normal/1117.jpg
false,normal/2909.jpg
false,normal/3142.jpg
false,normal/308.jpg
false,normal/2301.jpg
false,normal/1294.jpg
false,normal/2986.jpg
false,normal/2465.jpg
false,normal/63.jpg
false,normal/602.jpg
false,normal/656.jpg
false,normal/298.jpg
false,normal/3617.jpg
false,normal/3582.jpg
false,normal/1728.jpg
false,normal/3039.jpg
false,normal/26.jpg
false,normal/2468.jpg
false,normal/2069.jpg
false,normal/2461.jpg
false,normal/938.jpg
false,normal/3563.jpg
false,normal/2081.jpg
false,normal/3677.jpg
false,normal/648.jpg
false,normal/526.jpg
false,normal/2096.jpg
false,normal/3564.jpg
false,normal/466.jpg
false,normal/1669.jpg
false,normal/2254.jpg
false,normal/3042.jpg
false,normal/960.jpg
false,normal/23.jpg
false,normal/260.jpg
false,normal/1871.jpg
false,normal/1841.jpg
false,normal/1767.jpg
false,normal/900.jpg
false,normal/962.jpg
false,normal/3349.jpg
false,normal/992.jpg
false,normal/2158.jpg
false,normal/1208.jpg
false,normal/2436.jpg
false,normal/3612.jpg
false,normal/1539.jpg
false,normal/311.jpg
false,normal/3696.jpg
false,normal/3720.jpg
false,normal/2888.jpg
false,normal/1934.jpg
false,normal/31.jpg
false,normal/2274.jpg
false,normal/372.jpg
false,normal/394.jpg
false,normal/762.jpg
false,normal/299.jpg
false,normal/714.jpg
false,normal/545.jpg
false,normal/2896.jpg
false,normal/521.jpg
false,normal/852.jpg
false,normal/1216.jpg
false,normal/2192.jpg
false,normal/3278.jpg
false,normal/189.jpg
false,normal/2974.jpg
false,normal/2659.jpg
false,normal/1874.jpg
false,normal/3376.jpg
false,normal/1407.jpg
false,normal/2196.jpg
false,normal/3723.jpg
false,normal/2065.jpg
false,normal/2151.jpg
false,normal/2981.jpg
false,normal/3309.jpg
false,normal/1749.jpg
false,normal/1148.jpg
false,normal/1140.jpg
false,normal/1213.jpg
false,normal/2408.jpg
false,normal/2774.jpg
false,normal/1196.jpg
false,normal/3478.jpg
false,normal/2642.jpg
false,normal/3649.jpg
false,normal/348.jpg
false,normal/3287.jpg
false,normal/1734.jpg
false,normal/1080.jpg
false,normal/174.jpg
false,normal/2765.jpg
false,normal/1938.jpg
false,normal/297.jpg
false,normal/1412.jpg
false,normal/1032.jpg
false,normal/3331.jpg
false,normal/422.jpg
false,normal/1499.jpg
false,normal/1896.jpg
false,normal/2729.jpg
false,normal/2711.jpg
false,normal/1187.jpg
false,normal/1081.jpg
false,normal/3119.jpg
false,normal/35.jpg
false,normal/3524.jpg
false,normal/1946.jpg
false,normal/2998.jpg
false,normal/3592.jpg
false,normal/1417.jpg
false,normal/2562.jpg
false,normal/2185.jpg
false,normal/805.jpg
false,normal/3354.jpg
false,normal/722.jpg
false,normal/2150.jpg
false,normal/3101.jpg
false,normal/3645.jpg
false,normal/320.jpg
false,normal/838.jpg
false,normal/2517.jpg
false,normal/1839.jpg
false,normal/1849.jpg
false,normal/1878.jpg
false,normal/845.jpg
false,normal/3741.jpg
false,normal/1941.jpg
false,normal/358.jpg
false,normal/2792.jpg
false,normal/437.jpg
false,normal/3133.jpg
false,normal/2552.jpg
false,normal/1431.jpg
false,normal/3243.jpg
false,normal/121.jpg
false,normal/2492.jpg
false,normal/2128.jpg
false,normal/2755.jpg
false,normal/418.jpg
false,normal/1827.jpg
false,normal/3273.jpg
false,normal/36.jpg
false,normal/2882.jpg
false,normal/1689.jpg
false,normal/501.jpg
false,normal/2109.jpg
false,normal/617.jpg
false,normal/2142.jpg
false,normal/1104.jpg
false,normal/667.jpg
false,normal/2652.jpg
false,normal/2772.jpg
false,normal/1915.jpg
false,normal/3324.jpg
false,normal/1318.jpg
false,normal/1956.jpg
false,normal/2272.jpg
false,normal/2252.jpg
false,normal/883.jpg
false,normal/1971.jpg
false,normal/1975.jpg
false,normal/1782.jpg
false,normal/310.jpg
false,normal/3635.jpg
false,normal/2600.jpg
false,normal/2875.jpg
false,normal/3503.jpg
false,normal/2950.jpg
false,normal/382.jpg
false,normal/73.jpg
false,normal/776.jpg
false,normal/3057.jpg
false,normal/3371.jpg
false,normal/1828.jpg
false,normal/2143.jpg
false,normal/2766.jpg
false,normal/2246.jpg
false,normal/3403.jpg
false,normal/1910.jpg
false,normal/3569.jpg
false,normal/1880.jpg
false,normal/1458.jpg
false,normal/3202.jpg
false,normal/795.jpg
false,normal/528.jpg
false,normal/313.jpg
false,normal/1158.jpg
false,normal/1873.jpg
false,normal/701.jpg
false,normal/824.jpg
false,normal/3615.jpg
false,normal/2719.jpg
false,normal/2627.jpg
false,normal/659.jpg
false,normal/2803.jpg
false,normal/2469.jpg
false,normal/198.jpg
false,normal/742.jpg
false,normal/2841.jpg
false,normal/3262.jpg
false,normal/3642.jpg
false,normal/3658.jpg
false,normal/904.jpg
false,normal/408.jpg
false,normal/2217.jpg
false,normal/1106.jpg
false,normal/775.jpg
false,normal/3510.jpg
false,normal/152.jpg
false,normal/1198.jpg
false,normal/1301.jpg
false,normal/1472.jpg
false,normal/1299.jpg
false,normal/2913.jpg
false,normal/2131.jpg
false,normal/3171.jpg
false,normal/3368.jpg
false,normal/1411.jpg
false,normal/1974.jpg
false,normal/2345.jpg
false,normal/3184.jpg
false,normal/1418.jpg
false,normal/2595.jpg
false,normal/2929.jpg
false,normal/2566.jpg
false,normal/2455.jpg
false,normal/3251.jpg
false,normal/1337.jpg
false,normal/2231.jpg
false,normal/1244.jpg
false,normal/3680.jpg
false,normal/1066.jpg
false,normal/1578.jpg
false,normal/3453.jpg
false,normal/576.jpg
false,normal/1994.jpg
false,normal/478.jpg
false,normal/1895.jpg
false,normal/792.jpg
false,normal/1153.jpg
false,normal/2431.jpg
false,normal/2347.jpg
false,normal/615.jpg
false,normal/1410.jpg
false,normal/3644.jpg
false,normal/1309.jpg
false,normal/1760.jpg
false,normal/1773.jpg
false,normal/1243.jpg
false,normal/1396.jpg
false,normal/2112.jpg
false,normal/549.jpg
false,normal/2817.jpg
false,normal/101.jpg
false,normal/610.jpg
false,normal/1293.jpg
false,normal/1762.jpg
false,normal/1364.jpg
false,normal/224.jpg
false,normal/1054.jpg
false,normal/342.jpg
false,normal/3343.jpg
false,normal/922.jpg
false,normal/724.jpg
false,normal/3495.jpg
false,normal/1102.jpg
false,normal/1616.jpg
false,normal/529.jpg
false,normal/2697.jpg
false,normal/3300.jpg
false,normal/3210.jpg
false,normal/1246.jpg
false,normal/1167.jpg
false,normal/3082.jpg
false,normal/1969.jpg
false,normal/1818.jpg
false,normal/2405.jpg
false,normal/2432.jpg
false,normal/3169.jpg
false,normal/3426.jpg
false,normal/1067.jpg
false,normal/1699.jpg
false,normal/1182.jpg
false,normal/3518.jpg
false,normal/245.jpg
false,normal/3308.jpg
false,normal/2460.jpg
false,normal/2778.jpg
false,normal/2681.jpg
false,normal/3312.jpg
false,normal/1266.jpg
false,normal/2187.jpg
false,normal/3221.jpg
false,normal/2770.jpg
false,normal/2486.jpg
false,normal/2964.jpg
false,normal/3275.jpg
false,normal/3288.jpg
false,normal/3168.jpg
false,normal/3447.jpg
false,normal/1711.jpg
false,normal/2222.jpg
false,normal/1715.jpg
false,normal/380.jpg
false,normal/1193.jpg
false,normal/1205.jpg
false,normal/2098.jpg
false,normal/3141.jpg
false,normal/2699.jpg
false,normal/229.jpg
false,normal/1332.jpg
false,normal/1899.jpg
false,normal/165.jpg
false,normal/2839.jpg
false,normal/426.jpg
false,normal/1978.jpg
false,normal/3077.jpg
false,normal/2348.jpg
false,normal/2182.jpg
false,normal/2590.jpg
false,normal/2369.jpg
false,normal/2324.jpg
false,normal/578.jpg
false,normal/3462.jpg
false,normal/2617.jpg
false,normal/2523.jpg
false,normal/3470.jpg
false,normal/949.jpg
false,normal/1328.jpg
false,normal/3007.jpg
false,normal/2417.jpg
false,normal/2960.jpg
false,normal/1207.jpg
false,normal/673.jpg
false,normal/2372.jpg
false,normal/624.jpg
false,normal/2653.jpg
false,normal/288.jpg
false,normal/2373.jpg
false,normal/3025.jpg
false,normal/1380.jpg
false,normal/2649.jpg
false,normal/2181.jpg
false,normal/468.jpg
false,normal/2458.jpg
false,normal/504.jpg
false,normal/699.jpg
false,normal/3555.jpg
false,normal/143.jpg
false,normal/3438.jpg
false,normal/2954.jpg
false,normal/2921.jpg
false,normal/2972.jpg
false,normal/2762.jpg
false,normal/1051.jpg
false,normal/1883.jpg
false,normal/2219.jpg
false,normal/259.jpg
false,normal/2070.jpg
false,normal/2861.jpg
false,normal/2155.jpg
false,normal/2874.jpg
false,normal/2704.jpg
false,normal/61.jpg
false,normal/3097.jpg
false,normal/3038.jpg
false,normal/913.jpg
false,normal/1810.jpg
false,normal/3684.jpg
false,normal/1392.jpg
false,normal/1310.jpg
false,normal/3574.jpg
false,normal/2207.jpg
false,normal/3463.jpg
false,normal/751.jpg
false,normal/1230.jpg
false,normal/942.jpg
false,normal/2157.jpg
false,normal/2860.jpg
false,normal/740.jpg
false,normal/135.jpg
false,normal/1830.jpg
false,normal/2206.jpg
false,normal/1628.jpg
false,normal/1433.jpg
false,normal/2991.jpg
false,normal/713.jpg
false,normal/2359.jpg
false,normal/3285.jpg
false,normal/2478.jpg
false,normal/2479.jpg
false,normal/3192.jpg
false,normal/3328.jpg
false,normal/3411.jpg
false,normal/98.jpg
false,normal/411.jpg
false,normal/908.jpg
false,normal/1756.jpg
false,normal/1257.jpg
false,normal/2111.jpg
false,normal/3332.jpg
false,normal/560.jpg
false,normal/3359.jpg
false,normal/2720.jpg
false,normal/1011.jpg
false,normal/2170.jpg
false,normal/187.jpg
false,normal/1233.jpg
false,normal/2294.jpg
false,normal/242.jpg
false,normal/2963.jpg
false,normal/853.jpg
false,normal/1375.jpg
false,normal/3054.jpg
false,normal/1532.jpg
false,normal/2260.jpg
false,normal/289.jpg
false,normal/2035.jpg
false,normal/2691.jpg
false,normal/2146.jpg
false,normal/1192.jpg
false,normal/3191.jpg
false,normal/2476.jpg
false,normal/1468.jpg
false,normal/3405.jpg
false,normal/2923.jpg
false,normal/2433.jpg
false,normal/1388.jpg
false,normal/3663.jpg
false,normal/3517.jpg
false,normal/1261.jpg
false,normal/625.jpg
false,normal/2684.jpg
false,normal/59.jpg
false,normal/451.jpg
false,normal/1304.jpg
false,normal/1171.jpg
false,normal/559.jpg
false,normal/3734.jpg
false,normal/176.jpg
false,normal/2393.jpg
false,normal/2053.jpg
false,normal/3459.jpg
false,normal/731.jpg
false,normal/964.jpg
false,normal/1819.jpg
false,normal/3071.jpg
false,normal/2325.jpg
false,normal/3566.jpg
false,normal/2806.jpg
false,normal/1280.jpg
false,normal/2382.jpg
false,normal/154.jpg
false,normal/3417.jpg
false,normal/379.jpg
false,normal/2943.jpg
false,normal/2384.jpg
false,normal/301.jpg
false,normal/3493.jpg
false,normal/1727.jpg
false,normal/2184.jpg
false,normal/1662.jpg
false,normal/3174.jpg
false,normal/400.jpg
false,normal/793.jpg
false,normal/3442.jpg
false,normal/1322.jpg
false,normal/2283.jpg
false,normal/443.jpg
false,normal/3394.jpg
false,normal/1935.jpg
false,normal/3558.jpg
false,normal/2358.jpg
false,normal/1808.jpg
false,normal/3414.jpg
false,normal/1447.jpg
false,normal/1489.jpg
false,normal/1697.jpg
false,normal/169.jpg
false,normal/1530.jpg
false,normal/502.jpg
false,normal/814.jpg
false,normal/1585.jpg
false,normal/48.jpg
false,normal/1707.jpg
false,normal/1524.jpg
false,normal/794.jpg
false,normal/3541.jpg
false,normal/1368.jpg
false,normal/1605.jpg
false,normal/2819.jpg
false,normal/1349.jpg
false,normal/2524.jpg
false,normal/2613.jpg
false,normal/2292.jpg
false,normal/3363.jpg
false,normal/2840.jpg
false,normal/2889.jpg
false,normal/3492.jpg
false,normal/2284.jpg
false,normal/3207.jpg
false,normal/2402.jpg
false,normal/1864.jpg
false,normal/558.jpg
false,normal/3433.jpg
false,normal/1381.jpg
false,normal/3594.jpg
false,normal/993.jpg
false,normal/2884.jpg
false,normal/2853.jpg
false,normal/1654.jpg
false,normal/2911.jpg
false,normal/3736.jpg
false,normal/447.jpg
false,normal/3671.jpg
false,normal/3122.jpg
false,normal/184.jpg
false,normal/1465.jpg
false,normal/105.jpg
false,normal/719.jpg
false,normal/1679.jpg
false,normal/1479.jpg
false,normal/847.jpg
false,normal/3147.jpg
false,normal/3652.jpg
false,normal/1172.jpg
false,normal/2746.jpg
false,normal/1361.jpg
false,normal/649.jpg
false,normal/2654.jpg
false,normal/1630.jpg
false,normal/1912.jpg
false,normal/1801.jpg
false,normal/1063.jpg
false,normal/3013.jpg
false,normal/1159.jpg
false,normal/2810.jpg
false,normal/287.jpg
false,normal/1245.jpg
false,normal/2212.jpg
false,normal/1020.jpg
false,normal/1674.jpg
false,normal/512.jpg
false,normal/1008.jpg
false,normal/3016.jpg
false,normal/3311.jpg
false,normal/1741.jpg
false,normal/3439.jpg
false,normal/110.jpg
false,normal/3449.jpg
false,normal/2895.jpg
false,normal/1136.jpg
false,normal/3378.jpg
false,normal/1522.jpg
false,normal/419.jpg
false,normal/2024.jpg
false,normal/1740.jpg
false,normal/2837.jpg
false,normal/2304.jpg
false,normal/873.jpg
false,normal/439.jpg
false,normal/11.jpg
false,normal/750.jpg
false,normal/183.jpg
false,normal/247.jpg
false,normal/1260.jpg
false,normal/86.jpg
false,normal/2716.jpg
false,normal/752.jpg
false,normal/2159.jpg
false,normal/2794.jpg
false,normal/409.jpg
false,normal/1622.jpg
false,normal/3029.jpg
false,normal/2013.jpg
false,normal/384.jpg
false,normal/3182.jpg
false,normal/2138.jpg
false,normal/3125.jpg
false,normal/117.jpg
false,normal/1914.jpg
false,normal/851.jpg
false,normal/2018.jpg
false,normal/2592.jpg
false,normal/1987.jpg
false,normal/2449.jpg
false,normal/1052.jpg
false,normal/2690.jpg
false,normal/1652.jpg
false,normal/3152.jpg
false,normal/2657.jpg
false,normal/3739.jpg
false,normal/1369.jpg
false,normal/1632.jpg
false,normal/1131.jpg
false,normal/62.jpg
false,normal/1619.jpg
false,normal/2675.jpg
false,normal/283.jpg
false,normal/2668.jpg
false,normal/3250.jpg
false,normal/2686.jpg
false,normal/980.jpg
false,normal/333.jpg
false,normal/2269.jpg
false,normal/2387.jpg
false,normal/2679.jpg
false,normal/1798.jpg
false,normal/2056.jpg
false,normal/1042.jpg
false,normal/324.jpg
false,normal/2215.jpg
false,normal/2542.jpg
false,normal/592.jpg
false,normal/846.jpg
false,normal/902.jpg
false,normal/3307.jpg
false,normal/3729.jpg
false,normal/3103.jpg
false,normal/1859.jpg
false,normal/1094.jpg
false,normal/6.jpg
false,normal/1566.jpg
false,normal/2454.jpg
false,normal/1682.jpg
false,normal/3550.jpg
false,normal/361.jpg
false,normal/1134.jpg
false,normal/1550.jpg
false,normal/278.jpg
false,normal/3486.jpg
false,normal/347.jpg
false,normal/567.jpg
false,normal/1777.jpg
false,normal/1613.jpg
false,normal/3259.jpg
false,normal/57.jpg
false,normal/959.jpg
false,normal/858.jpg
false,normal/2993.jpg
false,normal/2563.jpg
false,normal/790.jpg
false,normal/895.jpg
false,normal/510.jpg
false,normal/669.jpg
false,normal/1461.jpg
false,normal/2783.jpg
false,normal/2127.jpg
false,normal/612.jpg
false,normal/2064.jpg
false,normal/2878.jpg
false,normal/3121.jpg
false,normal/1733.jpg
false,normal/2443.jpg
false,normal/923.jpg
false,normal/1626.jpg
false,normal/3144.jpg
false,normal/1363.jpg
false,normal/3391.jpg
false,normal/3085.jpg
false,normal/2031.jpg
false,normal/1308.jpg
false,normal/603.jpg
false,normal/2244.jpg
false,normal/1384.jpg
false,normal/479.jpg
false,normal/509.jpg
false,normal/1241.jpg
false,normal/2666.jpg
false,normal/3705.jpg
false,normal/936.jpg
false,normal/2990.jpg
false,normal/207.jpg
false,normal/1069.jpg
false,normal/171.jpg
false,normal/1543.jpg
false,normal/3279.jpg
false,normal/2015.jpg
false,normal/1079.jpg
false,normal/1480.jpg
false,normal/2802.jpg
false,normal/819.jpg
false,normal/2903.jpg
false,normal/3595.jpg
false,normal/1268.jpg
false,normal/349.jpg
false,normal/1892.jpg
false,normal/2374.jpg
false,normal/2708.jpg
false,normal/1219.jpg
false,normal/2750.jpg
false,normal/1519.jpg
false,normal/1279.jpg
false,normal/3301.jpg
false,normal/3373.jpg
false,normal/1463.jpg
false,normal/1209.jpg
false,normal/3706.jpg
false,normal/2042.jpg
false,normal/1893.jpg
false,normal/2136.jpg
false,normal/2071.jpg
false,normal/3335.jpg
false,normal/1490.jpg
false,normal/862.jpg
false,normal/1379.jpg
false,normal/1169.jpg
false,normal/2948.jpg
false,normal/3579.jpg
false,normal/977.jpg
false,normal/294.jpg
false,normal/1726.jpg
false,normal/1451.jpg
false,normal/1643.jpg
false,normal/1157.jpg
false,normal/871.jpg
false,normal/1751.jpg
false,normal/1038.jpg
false,normal/3143.jpg
false,normal/3325.jpg
false,normal/548.jpg
false,normal/3525.jpg
false,normal/778.jpg
false,normal/399.jpg
false,normal/8.jpg
false,normal/3237.jpg
false,normal/3175.jpg
false,normal/1466.jpg
false,normal/1917.jpg
false,normal/2924.jpg
false,normal/2001.jpg
false,normal/316.jpg
false,normal/2267.jpg
false,normal/1587.jpg
false,normal/3482.jpg
false,normal/3650.jpg
false,normal/2951.jpg
false,normal/128.jpg
false,normal/1948.jpg
false,normal/1579.jpg
false,normal/1959.jpg
false,normal/2088.jpg
false,normal/2167.jpg
false,normal/455.jpg
false,normal/3123.jpg
false,normal/415.jpg
false,normal/987.jpg
false,normal/2571.jpg
false,normal/1053.jpg
false,normal/896.jpg
false,normal/901.jpg
false,normal/1055.jpg
false,normal/2782.jpg
false,normal/328.jpg
false,normal/2908.jpg
false,normal/3310.jpg
false,normal/404.jpg
false,normal/3374.jpg
false,normal/613.jpg
false,normal/162.jpg
false,normal/133.jpg
false,normal/1075.jpg
false,normal/69.jpg
false,normal/371.jpg
false,normal/2859.jpg
false,normal/3055.jpg
false,normal/910.jpg
false,normal/2394.jpg
false,normal/1926.jpg
false,normal/2826.jpg
false,normal/954.jpg
false,normal/3170.jpg
false,normal/330.jpg
false,normal/1891.jpg
false,normal/3319.jpg
false,normal/2843.jpg
false,normal/3235.jpg
false,normal/650.jpg
false,normal/645.jpg
false,normal/1904.jpg
false,normal/2094.jpg
false,normal/3258.jpg
false,normal/1618.jpg
false,normal/70.jpg
false,normal/2511.jpg
false,normal/261.jpg
false,normal/1967.jpg
false,normal/475.jpg
false,normal/3610.jpg
false,normal/804.jpg
false,normal/1565.jpg
false,normal/2477.jpg
false,normal/1858.jpg
false,normal/1100.jpg
false,normal/1078.jpg
false,normal/254.jpg
false,normal/744.jpg
false,normal/2236.jpg
false,normal/2328.jpg
false,normal/2769.jpg
false,normal/3730.jpg
false,normal/595.jpg
false,normal/2270.jpg
false,normal/1227.jpg
false,normal/620.jpg
false,normal/3633.jpg
false,normal/2852.jpg
false,normal/2293.jpg
false,normal/2931.jpg
false,normal/448.jpg
false,normal/735.jpg
false,normal/3715.jpg
false,normal/2323.jpg
false,normal/2743.jpg
false,normal/115.jpg
false,normal/472.jpg
false,normal/2118.jpg
false,normal/3714.jpg
false,normal/3320.jpg
false,normal/2406.jpg
false,normal/655.jpg
false,normal/2475.jpg
false,normal/1068.jpg
false,normal/1680.jpg
false,normal/104.jpg
false,normal/1174.jpg
false,normal/433.jpg
false,normal/450.jpg
false,normal/1843.jpg
false,normal/1170.jpg
false,normal/367.jpg
false,normal/2873.jpg
false,normal/1812.jpg
false,normal/1351.jpg
false,normal/2535.jpg
false,normal/436.jpg
false,normal/934.jpg
false,normal/2429.jpg
false,normal/1919.jpg
false,normal/2504.jpg
false,normal/1413.jpg
false,normal/646.jpg
false,normal/3450.jpg
false,normal/2381.jpg
false,normal/3385.jpg
false,normal/3302.jpg
false,normal/654.jpg
false,normal/303.jpg
false,normal/296.jpg
false,normal/148.jpg
false,normal/2825.jpg
false,normal/1633.jpg
false,normal/239.jpg
false,normal/1687.jpg
false,normal/3323.jpg
false,normal/523.jpg
false,normal/2505.jpg
false,normal/2900.jpg
false,normal/522.jpg
false,normal/192.jpg
false,normal/77.jpg
false,normal/1286.jpg
false,normal/52.jpg
false,normal/2193.jpg
false,normal/352.jpg
false,normal/205.jpg
false,normal/236.jpg
false,normal/1811.jpg
false,normal/2427.jpg
false,normal/982.jpg
false,normal/1592.jpg
false,normal/1206.jpg
false,normal/2607.jpg
false,normal/1232.jpg
false,normal/1342.jpg
false,normal/2575.jpg
false,normal/477.jpg
false,normal/1991.jpg
false,normal/3046.jpg
false,normal/1776.jpg
false,normal/968.jpg
false,normal/2664.jpg
false,normal/3120.jpg
false,normal/483.jpg
false,normal/1905.jpg
false,normal/3466.jpg
false,normal/2321.jpg
false,normal/741.jpg
false,normal/2311.jpg
false,normal/2010.jpg
false,normal/265.jpg
false,normal/3621.jpg
false,normal/2400.jpg
false,normal/1144.jpg
false,normal/3001.jpg
false,normal/2332.jpg
false,normal/3560.jpg
false,normal/1823.jpg
false,normal/2245.jpg
false,normal/452.jpg
false,normal/2858.jpg
false,normal/3173.jpg
false,normal/1173.jpg
false,normal/1320.jpg
false,normal/844.jpg
false,normal/672.jpg
false,normal/3452.jpg
false,normal/3499.jpg
false,normal/884.jpg
false,normal/3508.jpg
false,normal/2902.jpg
false,normal/1031.jpg
false,normal/2629.jpg
false,normal/2317.jpg
false,normal/2651.jpg
false,normal/2100.jpg
false,normal/233.jpg
false,normal/2099.jpg
false,normal/1371.jpg
false,normal/1127.jpg
false,normal/2554.jpg
false,normal/1835.jpg
false,normal/494.jpg
false,normal/788.jpg
false,normal/2000.jpg
false,normal/3342.jpg
false,normal/429.jpg
false,normal/2022.jpg
false,normal/1590.jpg
false,normal/327.jpg
false,normal/1598.jpg
false,normal/1056.jpg
false,normal/689.jpg
false,normal/481.jpg
false,normal/831.jpg
false,normal/255.jpg
false,normal/1512.jpg
false,normal/3095.jpg
false,normal/1923.jpg
false,normal/1677.jpg
false,normal/520.jpg
false,normal/200.jpg
false,normal/2556.jpg
false,normal/2994.jpg
false,normal/1932.jpg
false,normal/344.jpg
false,normal/2724.jpg
false,normal/1886.jpg
false,normal/916.jpg
false,normal/786.jpg
false,normal/1265.jpg
false,normal/2180.jpg
false,normal/1854.jpg
false,normal/3686.jpg
false,normal/463.jpg
false,normal/1725.jpg
false,normal/1070.jpg
false,normal/1648.jpg
false,normal/111.jpg
false,normal/3392.jpg
false,normal/1789.jpg
false,normal/1939.jpg
false,normal/1178.jpg
false,normal/3255.jpg
false,normal/1161.jpg
false,normal/2298.jpg
false,normal/3691.jpg
false,normal/314.jpg
false,normal/3733.jpg
false,normal/2559.jpg
false,normal/3735.jpg
false,normal/2067.jpg
false,normal/3049.jpg
false,normal/1253.jpg
false,normal/25.jpg
false,normal/1395.jpg
false,normal/2357.jpg
false,normal/370.jpg
false,normal/1457.jpg
false,normal/721.jpg
false,normal/3276.jpg
false,normal/3129.jpg
false,normal/3148.jpg
false,normal/2028.jpg
false,normal/2221.jpg
false,normal/1806.jpg
false,normal/2784.jpg
false,normal/2514.jpg
false,normal/118.jpg
false,normal/2119.jpg
false,normal/405.jpg
false,normal/160.jpg
false,normal/729.jpg
false,normal/678.jpg
false,normal/204.jpg
false,normal/3231.jpg
false,normal/1790.jpg
false,normal/1403.jpg
false,normal/2953.jpg
false,normal/863.jpg
false,normal/3596.jpg
false,normal/3224.jpg
false,normal/220.jpg
false,normal/998.jpg
false,normal/3208.jpg
false,normal/2176.jpg
false,normal/702.jpg
false,normal/986.jpg
false,normal/1030.jpg
false,normal/3485.jpg
false,normal/2411.jpg
false,normal/1960.jpg
false,normal/22.jpg
false,normal/3149.jpg
false,normal/2462.jpg
false,normal/238.jpg
false,normal/2189.jpg
false,normal/1705.jpg
false,normal/2061.jpg
false,normal/2379.jpg
false,normal/2528.jpg
false,normal/1016.jpg
false,normal/3688.jpg
false,normal/72.jpg
false,normal/2785.jpg
false,normal/1269.jpg
false,normal/3154.jpg
false,normal/3166.jpg
false,normal/1382.jpg
false,normal/1536.jpg
false,normal/295.jpg
false,normal/668.jpg
false,normal/961.jpg
false,normal/1747.jpg
false,normal/2857.jpg
false,normal/2023.jpg
false,normal/1966.jpg
false,normal/134.jpg
false,normal/1686.jpg
false,normal/736.jpg
false,normal/1122.jpg
false,normal/2578.jpg
false,normal/3124.jpg
false,normal/1928.jpg
false,normal/3435.jpg
false,normal/1111.jpg
false,normal/3044.jpg
false,normal/2471.jpg
false,normal/2756.jpg
false,normal/2282.jpg
false,normal/3261.jpg
false,normal/2932.jpg
false,normal/2234.jpg
false,normal/30.jpg
false,normal/1226.jpg
false,normal/2881.jpg
false,normal/568.jpg
false,normal/103.jpg
false,normal/2815.jpg
false,normal/1557.jpg
false,normal/2830.jpg
false,normal/2425.jpg
false,normal/3694.jpg
false,normal/3477.jpg
false,normal/587.jpg
false,normal/3215.jpg
false,normal/2779.jpg
false,normal/3157.jpg
false,normal/2572.jpg
false,normal/210.jpg
false,normal/2137.jpg
false,normal/515.jpg
false,normal/1123.jpg
false,normal/994.jpg
false,normal/1720.jpg
false,normal/2005.jpg
false,normal/2199.jpg
false,normal/1442.jpg
false,normal/253.jpg
false,normal/3022.jpg
false,normal/709.jpg
false,normal/675.jpg
false,normal/2822.jpg
false,normal/1857.jpg
false,normal/1608.jpg
false,normal/3253.jpg
false,normal/1374.jpg
false,normal/2696.jpg
false,normal/1202.jpg
false,normal/2823.jpg
false,normal/1143.jpg
false,normal/2811.jpg
false,normal/2329.jpg
false,normal/1089.jpg
false,normal/2305.jpg
false,normal/1659.jpg
false,normal/293.jpg
false,normal/1980.jpg
false,normal/1459.jpg
false,normal/3254.jpg
false,normal/2355.jpg
false,normal/3693.jpg
false,normal/1961.jpg
false,normal/124.jpg
false,normal/3577.jpg
false,normal/1242.jpg
false,normal/1376.jpg
false,normal/2169.jpg
false,normal/2435.jpg
false,normal/969.jpg
false,normal/1120.jpg
false,normal/27.jpg
false,normal/1641.jpg
false,normal/241.jpg
false,normal/530.jpg
false,normal/2336.jpg
false,normal/1093.jpg
false,normal/867.jpg
false,normal/214.jpg
false,normal/90.jpg
false,normal/2901.jpg
false,normal/3488.jpg
false,normal/1931.jpg
false,normal/3381.jpg
false,normal/55.jpg
false,normal/2865.jpg
false,normal/2337.jpg
false,normal/2033.jpg
false,normal/2278.jpg
false,normal/2360.jpg
false,normal/2957.jpg
false,normal/1533.jpg
false,normal/3538.jpg
false,normal/1845.jpg
false,normal/351.jpg
false,normal/708.jpg
false,normal/1145.jpg
false,normal/2310.jpg
false,normal/725.jpg
false,normal/2714.jpg
false,normal/3547.jpg
false,normal/590.jpg
false,normal/717.jpg
false,normal/2513.jpg
false,normal/336.jpg
false,normal/3395.jpg
false,normal/2149.jpg
false,normal/1890.jpg
false,normal/1217.jpg
false,normal/3209.jpg
false,normal/129.jpg
false,normal/3430.jpg
false,normal/2211.jpg
false,normal/446.jpg
false,normal/387.jpg
false,normal/158.jpg
false,normal/3655.jpg
false,normal/1502.jpg
false,normal/2870.jpg
false,normal/652.jpg
false,normal/2205.jpg
false,normal/767.jpg
false,normal/726.jpg
false,normal/3005.jpg
false,normal/496.jpg
false,normal/262.jpg
false,normal/1013.jpg
false,normal/3412.jpg
false,normal/1001.jpg
false,normal/1649.jpg
false,normal/1644.jpg
false,normal/2836.jpg
false,normal/3281.jpg
false,normal/3134.jpg
false,normal/965.jpg
false,normal/425.jpg
false,normal/3683.jpg
false,normal/2276.jpg
false,normal/1464.jpg
false,normal/195.jpg
false,normal/34.jpg
false,normal/1118.jpg
false,normal/3500.jpg
false,normal/1724.jpg
false,normal/2635.jpg
false,normal/1870.jpg
false,normal/836.jpg
false,normal/2077.jpg
false,normal/2789.jpg
false,normal/1511.jpg
false,normal/2420.jpg
false,normal/3553.jpg
false,normal/979.jpg
false,normal/2641.jpg
false,normal/1087.jpg
false,normal/199.jpg
false,normal/88.jpg
false,normal/690.jpg
false,normal/905.jpg
false,normal/570.jpg
false,normal/300.jpg
false,normal/1397.jpg
false,normal/1496.jpg
false,normal/2287.jpg
false,normal/1282.jpg
false,normal/2314.jpg
false,normal/2508.jpg
false,normal/3585.jpg
false,normal/2200.jpg
false,normal/1485.jpg
false,normal/2543.jpg
false,normal/3189.jpg
false,normal/619.jpg
false,normal/3172.jpg
false,normal/3009.jpg
false,normal/967.jpg
false,normal/2751.jpg
false,normal/2191.jpg
false,normal/2164.jpg
false,normal/3744.jpg
false,normal/432.jpg
false,normal/535.jpg
false,normal/2557.jpg
false,normal/3464.jpg
false,normal/3472.jpg
false,normal/755.jpg
false,normal/626.jpg
false,normal/2114.jpg
false,normal/1583.jpg
false,normal/1813.jpg
false,normal/796.jpg
false,normal/3456.jpg
false,normal/421.jpg
false,normal/1968.jpg
false,normal/2560.jpg
false,normal/679.jpg
false,normal/1807.jpg
false,normal/2573.jpg
false,normal/639.jpg
false,normal/2961.jpg
false,normal/1856.jpg
false,normal/2351.jpg
false,normal/1809.jpg
false,normal/2983.jpg
false,normal/1943.jpg
false,normal/781.jpg
false,normal/1516.jpg
false,normal/1814.jpg
false,normal/637.jpg
false,normal/658.jpg
false,normal/2601.jpg
false,normal/3410.jpg
false,normal/2849.jpg
false,normal/1906.jpg
false,normal/833.jpg
false,normal/1696.jpg
false,normal/1717.jpg
false,normal/1716.jpg
false,normal/1764.jpg
false,normal/3475.jpg
false,normal/1183.jpg
false,normal/497.jpg
false,normal/102.jpg
false,normal/1373.jpg
false,normal/3659.jpg
false,normal/3491.jpg
false,normal/1306.jpg
false,normal/2807.jpg
false,normal/167.jpg
false,normal/802.jpg
false,normal/177.jpg
false,normal/1125.jpg
false,normal/2078.jpg
false,normal/3379.jpg
false,normal/1855.jpg
false,normal/3238.jpg
false,normal/1965.jpg
false,normal/2190.jpg
false,normal/119.jpg
false,normal/243.jpg
false,normal/3608.jpg
false,normal/3724.jpg
false,normal/734.jpg
false,normal/1107.jpg
false,normal/3537.jpg
false,normal/1440.jpg
false,normal/3556.jpg
false,normal/582.jpg
false,normal/597.jpg
false,normal/1745.jpg
false,normal/539.jpg
false,normal/3205.jpg
false,normal/2452.jpg
false,normal/2375.jpg
false,normal/1548.jpg
false,normal/2297.jpg
false,normal/2106.jpg
false,normal/2397.jpg
false,normal/2044.jpg
false,normal/680.jpg
false,normal/3703.jpg
false,normal/3083.jpg
false,normal/1367.jpg
false,normal/2725.jpg
false,normal/2732.jpg
false,normal/1224.jpg
false,normal/1082.jpg
false,normal/3229.jpg
false,normal/179.jpg
false,normal/1785.jpg
false,normal/222.jpg
false,normal/2364.jpg
false,normal/2129.jpg
false,normal/1327.jpg
false,normal/823.jpg
false,normal/631.jpg
false,normal/3032.jpg
false,normal/3167.jpg
false,normal/2805.jpg
false,normal/2047.jpg
false,normal/1190.jpg
false,normal/97.jpg
false,normal/3183.jpg
false,normal/1443.jpg
false,normal/2353.jpg
false,normal/2493.jpg
false,normal/378.jpg
false,normal/1238.jpg
false,normal/632.jpg
false,normal/1786.jpg
false,normal/1160.jpg
false,normal/2611.jpg
false,normal/368.jpg
false,normal/1147.jpg
false,normal/1454.jpg
false,normal/1541.jpg
false,normal/365.jpg
false,normal/1249.jpg
false,normal/693.jpg
false,normal/975.jpg
false,normal/783.jpg
false,normal/208.jpg
false,normal/3218.jpg
false,normal/1675.jpg
false,normal/3102.jpg
false,normal/2706.jpg
false,normal/442.jpg
false,normal/2392.jpg
false,normal/383.jpg
false,normal/3135.jpg
false,normal/2291.jpg
false,normal/3326.jpg
false,normal/572.jpg
false,normal/2487.jpg
false,normal/1559.jpg
false,normal/2407.jpg
false,normal/2618.jpg
false,normal/3092.jpg
false,normal/2445.jpg
false,normal/2710.jpg
false,normal/2842.jpg
false,normal/1567.jpg
false,normal/1947.jpg
false,normal/1977.jpg
false,normal/1576.jpg
false,normal/536.jpg
false,normal/464.jpg
false,normal/531.jpg
false,normal/691.jpg
false,normal/1453.jpg
false,normal/1862.jpg
false,normal/2386.jpg
false,normal/1723.jpg
false,normal/983.jpg
false,normal/3004.jpg
false,normal/879.jpg
false,normal/1772.jpg
false,normal/2073.jpg
false,normal/1005.jpg
false,normal/3646.jpg
false,normal/2987.jpg
false,normal/785.jpg
false,normal/1050.jpg
false,normal/2259.jpg
false,normal/2371.jpg
false,normal/2076.jpg
false,normal/2955.jpg
false,normal/1508.jpg
false,normal/829.jpg
false,normal/1497.jpg
false,normal/338.jpg
false,normal/2544.jpg
false,normal/2687.jpg
false,normal/1156.jpg
false,normal/87.jpg
false,normal/3483.jpg
false,normal/1444.jpg
false,normal/3277.jpg
false,normal/2485.jpg
false,normal/3375.jpg
false,normal/1540.jpg
false,normal/947.jpg
false,normal/2253.jpg
false,normal/3265.jpg
false,normal/113.jpg
false,normal/427.jpg
false,normal/2615.jpg
false,normal/850.jpg
false,normal/872.jpg
false,normal/912.jpg
false,normal/3040.jpg
false,normal/1212.jpg
false,normal/2773.jpg
false,normal/2768.jpg
false,normal/2172.jpg
false,normal/599.jpg
false,normal/250.jpg
false,normal/3105.jpg
false,normal/329.jpg
false,normal/3636.jpg
false,normal/1438.jpg
false,normal/3037.jpg
false,normal/249.jpg
false,normal/376.jpg
false,normal/1877.jpg
false,normal/3494.jpg
false,normal/240.jpg
false,normal/918.jpg
false,normal/58.jpg
false,normal/1588.jpg
false,normal/476.jpg
false,normal/3437.jpg
false,normal/643.jpg
false,normal/2258.jpg
false,normal/2410.jpg
false,normal/2017.jpg
false,normal/2541.jpg
false,normal/145.jpg
false,normal/3181.jpg
false,normal/1133.jpg
false,normal/3059.jpg
false,normal/3605.jpg
false,normal/2415.jpg
false,normal/2905.jpg
false,normal/1228.jpg
false,normal/3639.jpg
false,normal/2255.jpg
false,normal/1867.jpg
false,normal/1150.jpg
false,normal/3455.jpg
false,normal/2821.jpg
false,normal/1879.jpg
false,normal/3290.jpg
false,normal/2307.jpg
false,normal/3179.jpg
false,normal/3088.jpg
false,normal/848.jpg
false,normal/2248.jpg
false,normal/3692.jpg
false,normal/2160.jpg
false,normal/2302.jpg
false,normal/1513.jpg
false,normal/653.jpg
false,normal/1151.jpg
false,normal/2007.jpg
false,normal/2242.jpg
false,normal/3583.jpg
false,normal/75.jpg
false,normal/1344.jpg
false,normal/508.jpg
false,normal/2569.jpg
false,normal/2919.jpg
false,normal/2043.jpg
false,normal/2962.jpg
false,normal/2027.jpg
false,normal/2378.jpg
false,normal/3534.jpg
false,normal/355.jpg
false,normal/1517.jpg
false,normal/212.jpg
false,normal/772.jpg
false,normal/281.jpg
false,normal/2633.jpg
false,normal/2580.jpg
false,normal/1584.jpg
false,normal/2456.jpg
false,normal/609.jpg
false,normal/3338.jpg
false,normal/231.jpg
false,normal/855.jpg
false,normal/1554.jpg
false,normal/774.jpg
false,normal/2232.jpg
false,normal/1568.jpg
false,normal/1343.jpg
false,normal/2238.jpg
false,normal/489.jpg
false,normal/488.jpg
false,normal/3709.jpg
false,normal/3443.jpg
false,normal/1146.jpg
false,normal/2266.jpg
false,normal/990.jpg
false,normal/1780.jpg
false,normal/1876.jpg
false,normal/326.jpg
false,normal/2438.jpg
false,normal/2712.jpg
false,normal/3676.jpg
false,normal/1794.jpg
false,normal/2673.jpg
false,normal/3535.jpg
false,normal/2759.jpg
false,normal/2049.jpg
false,normal/194.jpg
false,normal/2616.jpg
false,normal/2060.jpg
false,normal/2334.jpg
false,normal/1484.jpg
false,normal/2340.jpg
false,normal/1732.jpg
false,normal/3156.jpg
false,normal/182.jpg
false,normal/2036.jpg
false,normal/3640.jpg
false,normal/3280.jpg
false,normal/2553.jpg
false,normal/1283.jpg
false,normal/40.jpg
false,normal/1538.jpg
false,normal/375.jpg
false,normal/2555.jpg
false,normal/3292.jpg
false,normal/1446.jpg
false,normal/473.jpg
false,normal/1252.jpg
false,normal/2202.jpg
false,normal/3294.jpg
false,normal/3118.jpg
false,normal/2082.jpg
false,normal/2126.jpg
false,normal/94.jpg
false,normal/3419.jpg
false,normal/449.jpg
false,normal/988.jpg
false,normal/1990.jpg
false,normal/267.jpg
false,normal/3425.jpg
false,normal/1201.jpg
false,normal/1678.jpg
false,normal/2899.jpg
false,normal/3020.jpg
false,normal/2046.jpg
false,normal/799.jpg
false,normal/2583.jpg
false,normal/1609.jpg
false,normal/3333.jpg
false,normal/1003.jpg
false,normal/1467.jpg
false,normal/577.jpg
false,normal/2066.jpg
false,normal/2048.jpg
false,normal/3047.jpg
false,normal/2300.jpg
false,normal/1048.jpg
false,normal/1370.jpg
false,normal/1199.jpg
false,normal/2727.jpg
false,normal/2124.jpg
false,normal/1010.jpg
false,normal/78.jpg
false,normal/3240.jpg
false,normal/1284.jpg
false,normal/469.jpg
false,normal/1223.jpg
false,normal/1665.jpg
false,normal/1448.jpg
false,normal/622.jpg
false,normal/3607.jpg
false,normal/2087.jpg
false,normal/3187.jpg
false,normal/3497.jpg
false,normal/3745.jpg
false,normal/191.jpg
false,normal/950.jpg
false,normal/3504.jpg
false,normal/1408.jpg
false,normal/706.jpg
false,normal/3448.jpg
false,normal/939.jpg
false,normal/3496.jpg
false,normal/2539.jpg
false,normal/302.jpg
false,normal/1825.jpg
false,normal/3593.jpg
false,normal/1449.jpg
false,normal/1664.jpg
false,normal/909.jpg
false,normal/274.jpg
false,normal/2515.jpg
false,normal/694.jpg
false,normal/1518.jpg
false,normal/864.jpg
false,normal/230.jpg
false,normal/3249.jpg
false,normal/2331.jpg
false,normal/1722.jpg
false,normal/3078.jpg
false,normal/1000.jpg
false,normal/3581.jpg
false,normal/1285.jpg
false,normal/2363.jpg
false,normal/2920.jpg
false,normal/1058.jpg
false,normal/2308.jpg
false,normal/1563.jpg
false,normal/499.jpg
false,normal/3233.jpg
false,normal/1086.jpg
false,normal/3666.jpg
false,normal/331.jpg
false,normal/1142.jpg
false,normal/3041.jpg
false,normal/1526.jpg
false,normal/551.jpg
false,normal/495.jpg
false,normal/1288.jpg
false,normal/1894.jpg
false,normal/1259.jpg
false,normal/3050.jpg
false,normal/2934.jpg
false,normal/2472.jpg
false,normal/3529.jpg
false,normal/2915.jpg
false,normal/312.jpg
false,normal/1006.jpg
false,normal/1098.jpg
false,normal/2055.jpg
false,normal/815.jpg
false,normal/2941.jpg
false,normal/3687.jpg
false,normal/2495.jpg
false,normal/1702.jpg
false,normal/3014.jpg
false,normal/958.jpg
false,normal/2538.jpg
false,normal/519.jpg
false,normal/3487.jpg
false,normal/493.jpg
false,normal/738.jpg
false,normal/2926.jpg
false,normal/2667.jpg
false,normal/2797.jpg
false,normal/392.jpg
false,normal/3271.jpg
false,normal/2510.jpg
false,normal/562.jpg
false,normal/89.jpg
false,normal/2753.jpg
false,normal/2009.jpg
false,normal/1359.jpg
false,normal/3436.jpg
false,normal/445.jpg
false,normal/1488.jpg
false,normal/1152.jpg
false,normal/2385.jpg
false,normal/1462.jpg
false,normal/3084.jpg
false,normal/2626.jpg
false,normal/3194.jpg
false,normal/3719.jpg
false,normal/1984.jpg
false,normal/3131.jpg
false,normal/1528.jpg
false,normal/917.jpg
false,normal/3347.jpg
false,normal/3247.jpg
false,normal/45.jpg
false,normal/2630.jpg
false,normal/2834.jpg
false,normal/1523.jpg
false,normal/3011.jpg
false,normal/381.jpg
false,normal/96.jpg
false,normal/3531.jpg
false,normal/2709.jpg
false,normal/642.jpg
false,normal/3226.jpg
false,normal/491.jpg
false,normal/2404.jpg
false,normal/2122.jpg
false,normal/3422.jpg
false,normal/132.jpg
false,normal/271.jpg
false,normal/1254.jpg
false,normal/1350.jpg
false,normal/66.jpg
false,normal/1802.jpg
false,normal/1555.jpg
false,normal/2059.jpg
false,normal/2121.jpg
false,normal/3474.jpg
false,normal/2376.jpg
false,normal/1419.jpg
false,normal/2969.jpg
false,normal/1693.jpg
false,normal/2296.jpg
false,normal/3461.jpg
false,normal/2584.jpg
false,normal/2533.jpg
false,normal/859.jpg
false,normal/1964.jpg
false,normal/3107.jpg
false,normal/3632.jpg
false,normal/275.jpg
false,normal/1529.jpg
false,normal/1176.jpg
false,normal/3587.jpg
false,normal/3089.jpg
false,normal/3304.jpg
false,normal/3267.jpg
false,normal/1704.jpg
false,normal/953.jpg
false,normal/2288.jpg
false,normal/1796.jpg
false,normal/2312.jpg
false,normal/2153.jpg
false,normal/2927.jpg
false,normal/598.jpg
false,normal/390.jpg
false,normal/1639.jpg
false,normal/217.jpg
false,normal/1372.jpg
false,normal/44.jpg
false,normal/2380.jpg
false,normal/2791.jpg
false,normal/3673.jpg
false,normal/1393.jpg
false,normal/3345.jpg
false,normal/2518.jpg
false,normal/1445.jpg
false,normal/2520.jpg
false,normal/3198.jpg
false,normal/715.jpg
false,normal/395.jpg
false,normal/406.jpg
false,normal/3388.jpg
false,normal/1547.jpg
false,normal/779.jpg
false,normal/770.jpg
false,normal/2398.jpg
false,normal/2250.jpg
false,normal/3506.jpg
false,normal/854.jpg
false,normal/2490.jpg
false,normal/2154.jpg
false,normal/973.jpg
false,normal/841.jpg
false,normal/2992.jpg
false,normal/1331.jpg
false,normal/438.jpg
false,normal/180.jpg
false,normal/1993.jpg
false,normal/2075.jpg
false,normal/2677.jpg
false,normal/614.jpg
false,normal/3145.jpg
false,normal/2787.jpg
false,normal/3572.jpg
false,normal/410.jpg
false,normal/868.jpg
false,normal/3264.jpg
false,normal/1838.jpg
false,normal/1514.jpg
false,normal/3058.jpg
false,normal/2315.jpg
false,normal/1289.jpg
false,normal/3418.jpg
false,normal/362.jpg
false,normal/3236.jpg
false,normal/3051.jpg
false,normal/2306.jpg
false,normal/3651.jpg
false,normal/2025.jpg
false,normal/364.jpg
false,normal/147.jpg
false,normal/1214.jpg
false,normal/1415.jpg
false,normal/3514.jpg
false,normal/3094.jpg
false,normal/1398.jpg
false,normal/3638.jpg
false,normal/2916.jpg
false,normal/211.jpg
false,normal/1797.jpg
false,normal/41.jpg
false,normal/3241.jpg
false,normal/644.jpg
false,normal/3562.jpg
false,normal/3204.jpg
false,normal/3341.jpg
false,normal/309.jpg
false,normal/1267.jpg
false,normal/2731.jpg
false,normal/903.jpg
false,normal/1441.jpg
false,normal/3509.jpg
false,normal/2195.jpg
false,normal/1409.jpg
false,normal/3520.jpg
false,normal/591.jpg
false,normal/1315.jpg
false,normal/3206.jpg
false,normal/3284.jpg
false,normal/574.jpg
false,normal/1952.jpg
false,normal/2786.jpg
false,normal/126.jpg
false,normal/1358.jpg
false,normal/3700.jpg
false,normal/928.jpg
false,normal/1775.jpg
false,normal/3570.jpg
false,normal/1997.jpg
false,normal/1792.jpg
false,normal/2606.jpg
false,normal/540.jpg
false,normal/163.jpg
false,normal/532.jpg
false,normal/1940.jpg
false,normal/712.jpg
false,normal/564.jpg
false,normal/1944.jpg
false,normal/2801.jpg
false,normal/789.jpg
false,normal/2091.jpg
false,normal/2526.jpg
false,normal/1754.jpg
false,normal/3540.jpg
false,normal/201.jpg
false,normal/99.jpg
false,normal/1215.jpg
false,normal/232.jpg
false,normal/3096.jpg
false,normal/120.jpg
false,normal/889.jpg
false,normal/213.jpg
false,normal/1911.jpg
false,normal/3406.jpg
false,normal/3740.jpg
false,normal/2277.jpg
false,normal/1863.jpg
false,normal/681.jpg
false,normal/1787.jpg
false,normal/897.jpg
false,normal/3023.jpg
false,normal/2646.jpg
false,normal/305.jpg
false,normal/2739.jpg
false,normal/2892.jpg
false,normal/2620.jpg
false,normal/2507.jpg
false,normal/2952.jpg
false,normal/2531.jpg
false,normal/1099.jpg
false,normal/974.jpg
false,normal/754.jpg
false,normal/2567.jpg
false,normal/1602.jpg
false,normal/369.jpg
false,normal/801.jpg
false,normal/2484.jpg
false,normal/5.jpg
false,normal/666.jpg
false,normal/122.jpg
false,normal/2890.jpg
false,normal/3713.jpg
false,normal/2612.jpg
false,normal/3512.jpg
false,normal/3146.jpg
false,normal/2509.jpg
false,normal/927.jpg
false,normal/682.jpg
false,normal/2851.jpg
false,normal/1188.jpg
false,normal/1437.jpg
false,normal/1141.jpg
false,normal/2864.jpg
false,normal/357.jpg
false,normal/745.jpg
false,normal/1921.jpg
false,normal/1427.jpg
false,normal/996.jpg
false,normal/3080.jpg
false,normal/3068.jpg
false,normal/234.jpg
false,normal/2335.jpg
false,normal/2869.jpg
false,normal/1314.jpg
false,normal/3358.jpg
false,normal/3019.jpg
false,normal/2703.jpg
false,normal/583.jpg
false,normal/2108.jpg
false,normal/1037.jpg
false,normal/164.jpg
false,normal/1744.jpg
false,normal/3104.jpg
false,normal/584.jpg
false,normal/3232.jpg
false,normal/258.jpg
false,normal/1088.jpg
false,normal/1126.jpg
false,normal/1422.jpg
false,normal/3424.jpg
false,normal/277.jpg
false,normal/2309.jpg
false,normal/91.jpg
false,normal/341.jpg
false,normal/3018.jpg
false,normal/3060.jpg
false,normal/2168.jpg
false,normal/1695.jpg
false,normal/797.jpg
false,normal/565.jpg
false,normal/1611.jpg
false,normal/3565.jpg
false,normal/1653.jpg
false,normal/3200.jpg
false,normal/1788.jpg
false,normal/665.jpg
false,normal/1666.jpg
false,normal/2365.jpg
false,normal/3431.jpg
false,normal/3618.jpg
false,normal/589.jpg
false,normal/3346.jpg
false,normal/2233.jpg
false,normal/3542.jpg
false,normal/1800.jpg
false,normal/2748.jpg
false,normal/3383.jpg
false,normal/3480.jpg
false,normal/1064.jpg
false,normal/3117.jpg
false,normal/1354.jpg
false,normal/1829.jpg
false,normal/67.jpg
false,normal/2223.jpg
false,normal/1277.jpg
false,normal/1589.jpg
false,normal/3303.jpg
false,normal/3382.jpg
false,normal/963.jpg
false,normal/2093.jpg
false,normal/1313.jpg
false,normal/385.jpg
false,normal/981.jpg
false,normal/2483.jpg
false,normal/2074.jpg
false,normal/2628.jpg
false,normal/3106.jpg
false,normal/3548.jpg
false,normal/3067.jpg
false,normal/1355.jpg
false,normal/686.jpg
false,normal/276.jpg
false,normal/3199.jpg
false,normal/3546.jpg
false,normal/3216.jpg
false,normal/3656.jpg
false,normal/3620.jpg
false,normal/3090.jpg
false,normal/3576.jpg
false,normal/573.jpg
false,normal/816.jpg
false,normal/2038.jpg
false,normal/611.jpg
false,normal/3460.jpg
false,normal/2494.jpg
false,normal/3630.jpg
false,normal/1017.jpg
false,normal/13.jpg
false,normal/1347.jpg
false,normal/317.jpg
false,normal/784.jpg
false,normal/3732.jpg
false,normal/1657.jpg
false,normal/2144.jpg
false,normal/3357.jpg
false,normal/826.jpg
false,normal/3704.jpg
false,normal/2599.jpg
false,normal/2021.jpg
false,normal/2529.jpg
false,normal/2877.jpg
false,normal/1357.jpg
false,normal/2550.jpg
false,normal/2264.jpg
false,normal/264.jpg
false,normal/828.jpg
false,normal/1793.jpg
false,normal/1436.jpg
false,normal/890.jpg
false,normal/2268.jpg
false,normal/3746.jpg
false,normal/1831.jpg
false,normal/2003.jpg
false,normal/335.jpg
false,normal/921.jpg
false,normal/1105.jpg
false,normal/2442.jpg
false,normal/2409.jpg
false,normal/1287.jpg
false,normal/3065.jpg
false,normal/2790.jpg
false,normal/2110.jpg
false,normal/2914.jpg
false,normal/2623.jpg
false,normal/1560.jpg
false,normal/1627.jpg
false,normal/2473.jpg
false,normal/1731.jpg
false,normal/3352.jpg
false,normal/2747.jpg
false,normal/1769.jpg
false,normal/3138.jpg
false,normal/1108.jpg
false,normal/870.jpg
false,normal/47.jpg
false,normal/3427.jpg
false,normal/710.jpg
false,normal/2014.jpg
false,normal/257.jpg
false,normal/2026.jpg
false,normal/2470.jpg
false,normal/765.jpg
false,normal/2448.jpg
false,normal/1672.jpg
false,normal/1039.jpg
false,normal/1604.jpg
false,normal/3609.jpg
false,normal/43.jpg
false,normal/2419.jpg
false,normal/3551.jpg
false,normal/2682.jpg
false,normal/3306.jpg
false,normal/2585.jpg
false,normal/860.jpg
false,normal/18.jpg
false,normal/2105.jpg
false,normal/3571.jpg
false,normal/2749.jpg
false,normal/1311.jpg
false,normal/1936.jpg
false,normal/1155.jpg
false,normal/3256.jpg
false,normal/3402.jpg
false,normal/3099.jpg
false,normal/3386.jpg
false,normal/3180.jpg
false,normal/1034.jpg
false,normal/462.jpg
false,normal/1593.jpg
false,normal/2897.jpg
false,normal/1736.jpg
false,normal/2656.jpg
false,normal/2610.jpg
false,normal/2117.jpg
false,normal/723.jpg
false,normal/53.jpg
false,normal/3668.jpg
false,normal/1661.jpg
false,normal/1636.jpg
false,normal/2564.jpg
false,normal/1262.jpg
false,normal/2354.jpg
false,normal/3010.jpg
false,normal/2401.jpg
false,normal/3647.jpg
false,normal/2984.jpg
false,normal/907.jpg
false,normal/2534.jpg
false,normal/2352.jpg
false,normal/1667.jpg
false,normal/3252.jpg
false,normal/1742.jpg
false,normal/1683.jpg
false,normal/1962.jpg
false,normal/2229.jpg
false,normal/2220.jpg
false,normal/1929.jpg
false,normal/1077.jpg
false,normal/1833.jpg
false,normal/68.jpg
false,normal/951.jpg
false,normal/2894.jpg
false,normal/2051.jpg
false,normal/2491.jpg
false,normal/3530.jpg
false,normal/2818.jpg
false,normal/3223.jpg
false,normal/2422.jpg
false,normal/3283.jpg
false,normal/3260.jpg
false,normal/894.jpg
false,normal/1743.jpg
false,normal/3708.jpg
false,normal/2226.jpg
false,normal/1927.jpg
false,normal/1390.jpg
false,normal/2537.jpg
false,normal/2004.jpg
false,normal/2218.jpg
false,normal/1425.jpg
false,normal/282.jpg
false,normal/2525.jpg
false,normal/388.jpg
false,normal/2949.jpg
false,normal/3366.jpg
false,normal/3528.jpg
false,normal/716.jpg
false,normal/1015.jpg
false,normal/141.jpg
false,normal/2887.jpg
false,normal/3404.jpg
false,normal/306.jpg
false,normal/2639.jpg
false,normal/743.jpg
false,normal/1761.jpg
false,normal/3246.jpg
false,normal/2039.jpg
false,normal/506.jpg
false,normal/566.jpg
false,normal/1394.jpg
false,normal/3296.jpg
false,normal/1317.jpg
false,normal/3568.jpg
false,normal/2451.jpg
false,normal/3176.jpg
false,normal/3282.jpg
false,normal/2970.jpg
false,normal/2210.jpg
false,normal/3318.jpg
false,normal/3155.jpg
false,normal/696.jpg
false,normal/2414.jpg
false,normal/3242.jpg
false,normal/2198.jpg
false,normal/2350.jpg
false,normal/1821.jpg
false,normal/1429.jpg
false,normal/1336.jpg
false,normal/1846.jpg
false,normal/1909.jpg
false,normal/157.jpg
false,normal/2796.jpg
false,normal/692.jpg
false,normal/85.jpg
false,normal/885.jpg
false,normal/3188.jpg
false,normal/999.jpg
false,normal/821.jpg
false,normal/561.jpg
false,normal/3270.jpg
false,normal/3213.jpg
false,normal/621.jpg
false,normal/193.jpg
false,normal/1402.jpg
false,normal/2318.jpg
false,normal/2107.jpg
false,normal/2693.jpg
false,normal/373.jpg
false,normal/780.jpg
false,normal/1137.jpg
false,normal/2165.jpg
false,normal/2591.jpg
false,normal/2660.jpg
false,normal/616.jpg
false,normal/2079.jpg
false,normal/800.jpg
false,normal/2463.jpg
false,normal/92.jpg
false,normal/2333.jpg
false,normal/2102.jpg
false,normal/970.jpg
false,normal/2156.jpg
false,normal/552.jpg
false,normal/248.jpg
false,normal/2261.jpg
false,normal/2271.jpg
false,normal/1692.jpg
false,normal/2183.jpg
false,normal/1378.jpg
false,normal/2020.jpg
false,normal/2910.jpg
false,normal/3629.jpg
false,normal/3128.jpg
false,normal/138.jpg
false,normal/107.jpg
false,normal/2120.jpg
false,normal/3440.jpg
false,normal/226.jpg
false,normal/467.jpg
false,normal/806.jpg
false,normal/2532.jpg
false,normal/1957.jpg
false,normal/3393.jpg
false,normal/3361.jpg
false,normal/546.jpg
false,normal/2978.jpg
false,normal/49.jpg
false,normal/1248.jpg
false,normal/1887.jpg
false,normal/766.jpg
false,normal/3153.jpg
false,normal/978.jpg
false,normal/527.jpg
false,normal/1770.jpg
false,normal/2985.jpg
false,normal/634.jpg
false,normal/1561.jpg
false,normal/1703.jpg
false,normal/2982.jpg
false,normal/209.jpg
false,normal/856.jpg
false,normal/470.jpg
false,normal/83.jpg
false,normal/1076.jpg
false,normal/2844.jpg
false,normal/1913.jpg
false,normal/1701.jpg
false,normal/593.jpg
false,normal/173.jpg
false,normal/1882.jpg
false,normal/2812.jpg
false,normal/3619.jpg
false,normal/1981.jpg
false,normal/640.jpg
false,normal/3164.jpg
false,normal/3008.jpg
false,normal/1416.jpg
false,normal/929.jpg
false,normal/1504.jpg
false,normal/2280.jpg
false,normal/976.jpg
false,normal/123.jpg
false,normal/835.jpg
false,normal/3444.jpg
false,normal/2568.jpg
false,normal/3712.jpg
false,normal/3532.jpg
false,normal/3384.jpg
false,normal/3526.jpg
false,normal/2662.jpg
false,normal/402.jpg
false,normal/1865.jpg
false,normal/1316.jpg
false,normal/2835.jpg
false,normal/498.jpg
false,normal/1383.jpg
false,normal/1271.jpg
false,normal/1168.jpg
false,normal/2925.jpg
false,normal/3112.jpg
false,normal/3434.jpg
false,normal/3053.jpg
false,normal/286.jpg
false,normal/1586.jpg
false,normal/1688.jpg
false,normal/2854.jpg
false,normal/1234.jpg
false,normal/3408.jpg
false,normal/181.jpg
false,normal/1612.jpg
false,normal/2101.jpg
false,normal/1691.jpg
false,normal/2104.jpg
false,normal/1486.jpg
false,normal/1018.jpg
false,normal/1515.jpg
false,normal/325.jpg
false,normal/2936.jpg
false,normal/1255.jpg
false,normal/353.jpg
false,normal/1114.jpg
false,normal/1570.jpg
false,normal/2037.jpg
false,normal/2638.jpg
false,normal/1435.jpg
false,normal/3355.jpg
false,normal/2134.jpg
false,normal/3272.jpg
false,normal/2745.jpg
false,normal/3337.jpg
false,normal/1493.jpg
false,normal/3317.jpg
false,normal/3515.jpg
false,normal/3648.jpg
